"Betweenness unDir","Bridging unDir","Centroid unDir","Closeness unDir","Degree unDir","Eccentricity unDir","EigenVector unDir","name","Radiality unDir","selected","shared name","Stress unDir"
"4481.418980841931","90.06366924759499","-157.0","7.704160246533128E-4","25.0","0.2","0.03170849608715483","IKBKB","6.605166051660516","false","IKBKB","41148.0"
"395.1001137917074","40.866432291459276","-248.0","7.102272727272727E-4","14.0","0.2","0.028776599485353462","PRKCQ","6.402214022140221","false","PRKCQ","5438.0"
"1920.6506593861893","28.05880096601448","-158.0","7.78816199376947E-4","48.0","0.2","0.1535922441921083","MAP4K4","6.630996309963099","false","MAP4K4","26054.0"
"1359.0806673406132","69.08247760652559","-213.0","7.374631268436578E-4","20.0","0.2","0.027442081801774543","CHUK","6.498154981549815","false","CHUK","16230.0"
"570.6835237722248","74.5647894812421","-320.0","6.915629322268327E-4","13.0","0.2","0.021056169077128095","EIF2AK2","6.332103321033211","false","EIF2AK2","6866.0"
"19228.790408855297","34.61683473365462","-237.0","7.230657989877079E-4","46.0","0.2","0.027352532690384287","TGFBR1","6.448339483394834","false","TGFBR1","190712.0"
"198.96541326582556","73.55991105455335","-437.0","5.797101449275362E-4","5.0","0.16666666666666666","0.0024377613689654607","TBK1","5.817343173431734","false","TBK1","2354.0"
"2931.495210641379","39.24375767193611","-235.0","7.347538574577516E-4","25.0","0.2","0.04966566313162395","MAP3K1","6.488929889298893","false","MAP3K1","28358.0"
"4773.059989688236","54.85106151798014","-334.0","6.557377049180328E-4","23.0","0.2","0.01156813635292856","PPP2R1A","6.186346863468635","false","PPP2R1A","40124.0"
"1468.1348609115269","45.43048191625495","-189.0","7.507507507507507E-4","26.0","0.2","0.038835143389710836","PRKDC","6.5424354243542435","false","PRKDC","17750.0"
"995.8279752465929","41.355309126962176","-211.0","7.267441860465116E-4","23.0","0.2","0.026980030172971535","ATM","6.461254612546125","false","ATM","13832.0"
"14217.303477959043","31.56872623991842","-57.0","8.410428931875525E-4","76.0","0.25","0.09882136872285875","CDC2","6.806273062730627","false","CDC2","155466.0"
"2969.8038736255407","61.99391262932913","-187.0","7.598784194528875E-4","26.0","0.2","0.03284551543194378","CSNK2A2","6.571955719557195","false","CSNK2A2","31018.0"
"7732.726494701672","23.73386329594664","-139.0","7.905138339920949E-4","63.0","0.2","0.0950782057436478","MAPK14","6.666051660516605","false","MAPK14","82930.0"
"4648.172595722835","33.202726078603575","-140.0","7.898894154818325E-4","56.0","0.25","0.14264601099708202","PTK2B","6.6642066420664205","false","PTK2B","58042.0"
"18765.82608231875","29.529392408834628","-17.0","8.748906386701663E-4","84.0","0.2","0.13202891378509876","SRC","6.891143911439114","false","SRC","177792.0"
"14823.635509261172","33.25993298995916","-66.0","8.312551953449709E-4","84.0","0.2","0.1897529135880957","FYN","6.780442804428044","false","FYN","147126.0"
"2690.8396482515477","37.54610449703762","-188.0","7.513148009015778E-4","37.0","0.2","0.06903541163187506","RASA1","6.544280442804428","false","RASA1","31802.0"
"2626.3978390838456","32.46632769168571","-196.0","7.564296520423601E-4","39.0","0.2","0.07502993651121251","JAK2","6.560885608856089","false","JAK2","33900.0"
"6079.092008325661","30.75890481953079","-142.0","7.886435331230284E-4","50.0","0.2","0.06363466734171846","PDPK1","6.660516605166052","false","PDPK1","64564.0"
"3458.8616182298906","26.32113787565565","-183.0","7.639419404125286E-4","46.0","0.2","0.14625989823092087","ZAP70","6.584870848708487","false","ZAP70","35594.0"
"2672.2867289193164","41.216422099728426","-212.0","7.380073800738007E-4","33.0","0.2","0.04444332026980972","ERBB2","6.5","false","ERBB2","28434.0"
"923.3502456857336","26.16344938803023","-175.0","7.686395080707148E-4","32.0","0.2","0.0820751422563442","SYK","6.599630996309963","false","SYK","15030.0"
"6393.832752364373","42.931209101389854","-111.0","8.084074373484236E-4","48.0","0.2","0.08970755949474572","LCK","6.717712177121771","false","LCK","69036.0"
"7855.9973422505345","44.265025905462856","-87.0","8.244023083264633E-4","56.0","0.2","0.08694182546818262","EGFR","6.7619926199261995","false","EGFR","90730.0"
"429.5205296071737","13.493804037418794","-267.0","7.092198581560284E-4","26.0","0.2","0.04864180498269207","JAK1","6.398523985239852","false","JAK1","6908.0"
"63.620122740125666","12.185804665999921","-336.0","6.76132521974307E-4","13.0","0.2","0.029133675156498326","MATK","6.271217712177122","false","MATK","1422.0"
"618.3647185530862","19.77305885947314","-314.0","6.765899864682003E-4","24.0","0.2","0.0356714036716687","ERBB3","6.273062730627307","false","ERBB3","7644.0"
"943.659570700581","22.119423048689775","-313.0","6.76132521974307E-4","27.0","0.2","0.034384672245283396","FLT1","6.271217712177122","false","FLT1","11540.0"
"3314.91355237194","36.53806057160156","-148.0","7.849293563579278E-4","31.0","0.2","0.06313119943170464","PRKCD","6.649446494464945","false","PRKCD","35674.0"
"202.09079454780525","11.04463786382867","-351.0","6.596306068601583E-4","19.0","0.2","0.03049430983077954","JAK3","6.202952029520295","false","JAK3","3052.0"
"3200.7169687340006","29.347389899368963","-128.0","7.974481658692185E-4","49.0","0.2","0.09831505994537057","LYN","6.686346863468635","false","LYN","49390.0"
"224.98165785785778","20.471977910057984","-295.0","6.882312456985547E-4","16.0","0.2","0.03683031688327728","FRAP1","6.319188191881919","false","FRAP1","3390.0"
"19992.571220048434","23.94398069165117","17.0","8.880994671403197E-4","101.0","0.2","0.18411482928945666","MAPK1","6.922509225092251","false","MAPK1","206686.0"
"8570.86964187438","21.844998011820415","-77.0","8.312551953449709E-4","70.0","0.2","0.11036764014628082","MAPK3","6.780442804428044","false","MAPK3","103698.0"
"8776.272707523469","28.746905011460107","-60.0","8.431703204047217E-4","73.0","0.2","0.15192343779664041","MAPK8","6.8118081180811805","false","MAPK8","99466.0"
"2349.8439207144347","101.21789391216792","-220.0","7.429420505200594E-4","23.0","0.2","0.04858081974830753","RPS6KB1","6.516605166051661","false","RPS6KB1","30024.0"
"5253.78600887951","29.65665309075542","-194.0","7.575757575757576E-4","53.0","0.2","0.10895258202077232","MAP3K5","6.564575645756458","false","MAP3K5","56432.0"
"802.3150182353877","11.561608093319009","-206.0","7.507507507507507E-4","45.0","0.2","0.150320885771599","MAPK11","6.5424354243542435","false","MAPK11","14022.0"
"3644.7873271076196","18.275071556728882","-195.0","7.57002271006813E-4","49.0","0.2","0.10722283614546485","MAPK9","6.562730627306273","false","MAPK9","43880.0"
"720.3784112178546","12.82003279533651","-197.0","7.558578987150416E-4","43.0","0.2","0.14609734989977108","MAPK13","6.559040590405904","false","MAPK13","12786.0"
"1872.2289173628276","109.5667264980328","-279.0","6.91085003455425E-4","13.0","0.2","0.013296615684206021","TGFBR2","6.330258302583026","false","TGFBR2","14806.0"
"23.85379748134994","2.3763612843722886","-336.0","6.839945280437756E-4","20.0","0.2","0.07458486045212728","MAPKAPK3","6.302583025830258","false","MAPKAPK3","600.0"
"45.37776116307752","3.7846818548159677","-333.0","6.854009595613434E-4","21.0","0.2","0.07538849008118535","MAPKAPK5","6.308118081180812","false","MAPKAPK5","942.0"
"368.6787812397238","63.82744401918193","-230.0","7.27802037845706E-4","15.0","0.2","0.036381521683575016","CDC2L5","6.464944649446495","false","CDC2L5","6666.0"
"604.0371257740226","12.669233770497534","-221.0","7.423904974016332E-4","41.0","0.2","0.14521268995230016","RPS6KA5","6.514760147601476","false","RPS6KA5","11208.0"
"956.5257131327526","26.856372006603745","-271.0","7.158196134574087E-4","27.0","0.2","0.07848197797367552","TAOK2","6.422509225092251","false","TAOK2","10964.0"
"890.6859995313961","13.450679977101172","-219.0","7.434944237918215E-4","44.0","0.2","0.148173164933186","MAP4K5","6.518450184501845","false","MAP4K5","13670.0"
"3143.3403266098353","27.906490257181936","-127.0","7.980845969672786E-4","57.0","0.2","0.17485670438740988","MAP4K1","6.6881918819188195","false","MAP4K1","40258.0"
"43.59922749204727","78.75989482434346","-469.0","5.787037037037037E-4","3.0","0.2","0.005200156493952626","MAST3","5.8118081180811805","false","MAST3","364.0"
"2559.15634779559","34.600643999182076","-177.0","7.674597083653108E-4","47.0","0.2","0.15172820042426663","TNIK","6.595940959409594","false","TNIK","29476.0"
"2496.2795257336256","34.66945578208337","-266.0","7.183908045977011E-4","27.0","0.2","0.08512571132159068","STK39","6.431734317343174","false","STK39","28960.0"
"2815.4496244756147","37.82895699380946","-205.0","7.513148009015778E-4","45.0","0.2","0.14977134058551242","MINK1","6.544280442804428","false","MINK1","28192.0"
"506.34072023243584","11.575919663178478","-222.0","7.41839762611276E-4","40.0","0.2","0.14441640048747018","PINK1","6.512915129151292","false","PINK1","9510.0"
"869.2285968508958","19.462492823565782","-205.0","7.513148009015778E-4","35.0","0.2","0.10159025736332317","MAP3K4","6.544280442804428","false","MAP3K4","13978.0"
"764.5198741172371","16.960113217824645","-258.0","7.137758743754461E-4","29.0","0.2","0.05782688921387046","HCK","6.415129151291513","false","HCK","11018.0"
"6864.860778837316","32.97239671773764","-121.0","7.911392405063291E-4","59.0","0.2","0.08946672361439413","IGF1R","6.667896678966789","false","IGF1R","66750.0"
"7917.976849332475","21.43539418040499","-132.0","7.911392405063291E-4","58.0","0.2","0.09397636819306748","INSR","6.667896678966789","false","INSR","80128.0"
"3011.830861593193","36.07181830896764","-178.0","7.668711656441718E-4","40.0","0.2","0.0725164009300632","PTK2","6.594095940959409","false","PTK2","34586.0"
"155.7004496615904","18.2839666192823","-418.0","6.142506142506142E-4","9.0","0.2","0.011184716227490347","FGFR3","5.996309963099631","false","FGFR3","1676.0"
"13.498802657885673","9.528566582036946","-511.0","5.238344683080147E-4","3.0","0.16666666666666666","0.0013767234965242228","DUSP8","5.477859778597786","false","DUSP8","100.0"
"1573.4927009750304","38.7249095307481","-296.0","6.752194463200541E-4","18.0","0.2","0.013370226980575394","PPP2R1B","6.267527675276753","false","PPP2R1B","12876.0"
"192.2831751957824","10.829921789915455","-407.0","6.523157208088715E-4","15.0","0.2","0.021439621956386132","MAP2K2","6.171586715867159","false","MAP2K2","2272.0"
"138.81299388782102","30.188837883695832","-276.0","7.132667617689016E-4","12.0","0.2","0.026808200456049862","BRAF","6.413284132841328","false","BRAF","2856.0"
"4.599091843519095","3.641958546940247","-449.0","6.349206349206349E-4","6.0","0.2","0.01422104907466178","KSR2","6.094095940959409","false","KSR2","104.0"
"321.2489065579022","26.30108006906802","-461.0","6.234413965087282E-4","9.0","0.16666666666666666","0.00866767508526464","ARAF","6.040590405904059","false","ARAF","2846.0"
"80.57884579751355","27.010937041983414","-532.0","5.621135469364812E-4","4.0","0.16666666666666666","0.0016073046803607028","GRK1","5.717712177121771","false","GRK1","1106.0"
"11301.36701605446","40.841914425735396","-117.0","8.019246190858059E-4","51.0","0.2","0.048232216780444884","PRKCB1","6.699261992619927","false","PRKCB1","89348.0"
"1103.8109235982574","16.28048441169245","-252.0","7.092198581560284E-4","41.0","0.2","0.12698244517099655","TEC","6.398523985239852","false","TEC","10818.0"
"2164.7954598509673","41.92074066940111","-211.0","7.385524372230429E-4","29.0","0.2","0.05462929660490492","KIT","6.501845018450185","false","KIT","21652.0"
"499.2508941379068","44.03580709561443","-346.0","6.71591672263264E-4","12.0","0.2","0.022143734981661615","BMX","6.252767527675276","false","BMX","4058.0"
"2554.7964905682793","32.38824962294697","-200.0","7.434944237918215E-4","33.0","0.2","0.06523631650331217","BTK","6.518450184501845","false","BTK","27142.0"
"2224.6785376508033","21.041203432781522","-214.0","7.342143906020558E-4","48.0","0.2","0.13596354157514007","MAP3K12","6.487084870848708","false","MAP3K12","20338.0"
"957.5409490011386","22.969307083778194","-204.0","7.518796992481203E-4","38.0","0.2","0.13210765758534698","MKNK1","6.546125461254612","false","MKNK1","13378.0"
"664.998477874983","18.970795085407996","-208.0","7.496251874062968E-4","37.0","0.2","0.13531051457593296","RPS6KA4","6.538745387453875","false","RPS6KA4","12272.0"
"57.40196334198514","2.3068493993754404","-296.0","6.816632583503749E-4","29.0","0.2","0.10988997708057723","STK17B","6.293357933579336","false","STK17B","520.0"
"57.40196334198514","2.3068493993754404","-296.0","6.816632583503749E-4","29.0","0.2","0.10988997708057723","STK17A","6.293357933579336","false","STK17A","520.0"
"1465.2347297583099","39.94072837215941","-235.0","7.194244604316547E-4","34.0","0.2","0.11690104151975327","OXSR1","6.435424354243542","false","OXSR1","15074.0"
"250.63832342622555","9.034838702603176","-291.0","6.849315068493151E-4","30.0","0.2","0.11060694959167931","STK38","6.306273062730627","false","STK38","2304.0"
"447.9081257073824","21.140859830323727","-283.0","6.882312456985547E-4","28.0","0.2","0.10656003965629685","ICK","6.319188191881919","false","ICK","4606.0"
"985.9143060973281","32.501243531310415","-247.0","7.283321194464676E-4","33.0","0.2","0.12035579771415614","DAPK2","6.466789667896679","false","DAPK2","12984.0"
"328.9091614251984","11.555336203552823","-253.0","7.08215297450425E-4","31.0","0.2","0.11296249194943886","WNK1","6.394833948339484","false","WNK1","4164.0"
"705.7133937546834","26.950272132944683","-274.0","6.954102920723226E-4","30.0","0.2","0.1076706673188894","SNF1LK","6.3468634686346865","false","SNF1LK","5038.0"
"5.741453100854454","2.6309992180821866","-424.0","6.381620931716656E-4","7.0","0.16666666666666666","0.020000357009209553","TXK","6.108856088560886","false","TXK","118.0"
"1.479905746163305","5.969789281133331","-474.0","6.184291898577613E-4","3.0","0.16666666666666666","0.010370044884152796","TYRO3","6.016605166051661","false","TYRO3","44.0"
"100.33525805670047","5.767950628996222","-347.0","6.622516556291391E-4","17.0","0.16666666666666666","0.03011425602845995","YES1","6.214022140221402","false","YES1","1370.0"
"40.31959010932234","6.589437903280148","-454.0","5.941770647653001E-4","8.0","0.16666666666666666","0.007144849339830332","MAPK7","5.894833948339484","false","MAPK7","458.0"
"8163.095028974239","38.74898562735694","-110.0","8.090614886731392E-4","49.0","0.2","0.07978937724565778","RAF1","6.719557195571956","false","RAF1","81488.0"
"150.64845153174593","36.91546847014752","-372.0","6.369426751592356E-4","8.0","0.2","0.008168039474958455","MAP2K5","6.1033210332103325","false","MAP2K5","1440.0"
"3308.253273232867","40.04257489683623","-174.0","7.692307692307692E-4","36.0","0.2","0.0633430451535983","MAP2K1","6.601476014760148","false","MAP2K1","36414.0"
"266.7416810365584","21.613454668578843","-344.0","6.802721088435374E-4","15.0","0.2","0.028073918439791037","MAPK12","6.287822878228782","false","MAPK12","3498.0"
"692.0086562097787","150.33292326295506","-331.0","6.784260515603799E-4","11.0","0.2","0.02531689933027736","ITK","6.280442804428044","false","ITK","8460.0"
"175.83348056658505","30.73400293460539","-275.0","7.137758743754461E-4","15.0","0.2","0.0414602805469069","RET","6.415129151291513","false","RET","3716.0"
"25.001196870335413","38.61759352696234","-470.0","5.640157924421884E-4","3.0","0.16666666666666666","0.002239978474438948","TENC1","5.728782287822878","false","TENC1","262.0"
"159.6101011453249","39.15137792591784","-458.0","6.246096189881324E-4","7.0","0.16666666666666666","0.013659400991384728","AXL","6.046125461254612","false","AXL","1402.0"
"930.1917837233666","20.172765558266942","-298.0","6.743088334457181E-4","26.0","0.2","0.024226862554142817","PLK1","6.263837638376383","false","PLK1","7944.0"
"2625.699853851758","38.096575646260895","-193.0","7.434944237918215E-4","30.0","0.2","0.03730737566836632","CSNK2A1","6.518450184501845","false","CSNK2A1","26442.0"
"3472.7610676938334","80.9302728428716","-249.0","7.272727272727272E-4","18.0","0.2","0.027200508487769","PTEN","6.46309963099631","false","PTEN","26358.0"
"2232.3628976314635","40.14531846689401","-282.0","6.968641114982578E-4","23.0","0.2","0.038497022660754804","PTPRC","6.35239852398524","false","PTPRC","22162.0"
"1397.7498188915083","291.9080281484447","-338.0","6.544502617801048E-4","9.0","0.2","0.011848957171400115","CTDP1","6.180811808118081","false","CTDP1","16034.0"
"857.2667513864925","46.524630524090824","-295.0","6.882312456985547E-4","16.0","0.2","0.02014913650316953","CDC25B","6.319188191881919","false","CDC25B","9674.0"
"818.5841279006721","34.702099522425215","-348.0","6.43915003219575E-4","15.0","0.2","0.009380566668257196","PPP1R2","6.134686346863469","false","PPP1R2","7580.0"
"3941.899863385237","90.40082680356429","-154.0","7.8125E-4","27.0","0.2","0.048972716223833035","PTPN1","6.638376383763838","false","PTPN1","35700.0"
"480.7124914048582","65.2224558390894","-265.0","7.047216349541931E-4","14.0","0.2","0.023095396726340537","PPP1R1B","6.381918819188192","false","PPP1R1B","6798.0"
"10447.525244463852","30.013392820706713","-80.0","8.291873963515755E-4","66.0","0.2","0.0824241134660806","GSK3B","6.7749077490774905","false","GSK3B","115664.0"
"5.825606744047147","14.077526980047725","-480.0","6.053268765133172E-4","3.0","0.16666666666666666","0.004624769758023394","PHKG2","5.952029520295203","false","PHKG2","52.0"
"282.7004670533573","11.076813486260646","-314.0","6.653359946773121E-4","24.0","0.2","0.024561874285447174","CDC7","6.226937269372693","false","CDC7","3590.0"
"1658.2084980922132","58.78005926042289","-253.0","7.087172218284905E-4","22.0","0.2","0.029877964143699903","CAMKK2","6.3966789667896675","false","CAMKK2","15662.0"
"9997.418656574939","57.92920831582187","-67.0","8.326394671107411E-4","52.0","0.25","0.10068753938120385","BCR","6.784132841328414","false","BCR","108036.0"
"16182.255340296533","44.60748071820057","-46.0","8.532423208191126E-4","73.0","0.2","0.10771868280911817","AKT1","6.837638376383764","false","AKT1","150992.0"
"2753.2095197519675","25.17605045059178","-225.0","7.246376811594203E-4","45.0","0.2","0.12541382846130397","SRPK1","6.453874538745388","false","SRPK1","24436.0"
"28.693377777220523","43.5403753264138","-466.0","5.668934240362812E-4","3.0","0.2","0.002445864510974126","ANP32A","5.745387453874539","false","ANP32A","202.0"
"297.53319432842943","55.08126278434493","-310.0","6.743088334457181E-4","12.0","0.2","0.01443996781182022","PPP1R8","6.263837638376383","false","PPP1R8","4858.0"
"77.04856443933544","8.743314466067352","-347.0","6.711409395973154E-4","14.0","0.2","0.026716024277632394","NTRK1","6.250922509225092","false","NTRK1","1448.0"
"27.41207347241804","9.1176939687316","-397.0","6.230529595015577E-4","7.0","0.16666666666666666","0.007048389346508678","PPP1R9A","6.038745387453875","false","PPP1R9A","420.0"
"6726.407007684063","43.310709964565895","-209.0","7.49063670411985E-4","32.0","0.2","0.032171560779885644","PPP1CA","6.53690036900369","false","PPP1CA","66038.0"
"258.0309514072898","38.2997457896479","-352.0","6.765899864682003E-4","11.0","0.16666666666666666","0.01407429329049547","PPP1R9B","6.273062730627307","false","PPP1R9B","3588.0"
"0.0","0.0","-541.0","3.832886163280951E-4","1.0","0.125","2.145477380829448E-5","ACP2","4.186346863468635","true","ACP2","0.0"
"2162.0","346.9876543209877","-537.0","4.8355899419729207E-4","3.0","0.14285714285714285","7.280441847406749E-4","ACPT","5.18450184501845","false","ACPT","20350.0"
"4744.691750378583","40.16015835809738","-105.0","8.032128514056225E-4","47.0","0.2","0.093010242100682","ABL1","6.702952029520295","false","ABL1","55850.0"
"1341.076228819974","22.4379678947807","-242.0","7.220216606498195E-4","30.0","0.2","0.06087506960256153","PTPN6","6.444649446494465","false","PTPN6","18194.0"
"554.2985843126614","17.75354059067324","-351.0","6.596306068601583E-4","24.0","0.16666666666666666","0.02489806291738307","PDGFRA","6.202952029520295","false","PDGFRA","5952.0"
"3731.8490485295433","37.24679923494042","-278.0","7.037297677691766E-4","27.0","0.2","0.023157156986182228","PRKACB","6.378228782287823","false","PRKACB","35358.0"
"1668.3946289455832","48.35750078876505","-278.0","6.954102920723226E-4","18.0","0.2","0.019031461475983436","PRKG1","6.3468634686346865","false","PRKG1","15054.0"
"14.18787180758283","52.74977979742334","-515.0","5.470459518599562E-4","2.0","0.16666666666666666","0.001811554986844114","PTPRU","5.627306273062731","false","PTPRU","140.0"
"42.2145118766823","5.757293605135739","-475.0","6.180469715698393E-4","12.0","0.16666666666666666","0.017831333693062695","INPP5D","6.014760147601476","false","INPP5D","568.0"
"661.1270256845893","595.0143231161303","-535.0","5.235602094240838E-4","2.0","0.16666666666666666","8.03045585811247E-4","MAST2","5.476014760147602","false","MAST2","5066.0"
"11.655883310456478","8.32563093604034","-534.0","4.2140750105351877E-4","2.0","0.14285714285714285","4.996145685087467E-5","STK36","4.621771217712177","false","STK36","54.0"
"3107.5359943005515","46.05832885080322","-224.0","7.31528895391368E-4","24.0","0.2","0.03130728412781238","CDK5","6.477859778597786","false","CDK5","26874.0"
"8663.024269530339","99.79276496731687","-95.0","8.19000819000819E-4","44.0","0.2","0.08645717709910528","PAK1","6.747232472324724","false","PAK1","95698.0"
"1569.1771577013476","35.5827700656685","-194.0","7.479431563201197E-4","29.0","0.2","0.06001379589378761","MAPK10","6.533210332103321","false","MAPK10","20066.0"
"443.0398916139124","23.22897698640957","-368.0","6.422607578676942E-4","16.0","0.2","0.015630848599855994","CDKN3","6.127306273062731","false","CDKN3","5020.0"
"0.0","0.0","-506.0","5.402485143165856E-4","2.0","0.16666666666666666","0.0011990324953783523","LMTK2","5.584870848708487","false","LMTK2","0.0"
"863.5806270200359","79.4308893488838","-235.0","7.117437722419929E-4","15.0","0.2","0.022237023007832694","CDK6","6.407749077490775","false","CDK6","12220.0"
"0.0","0.0","-531.0","5.813953488372093E-4","2.0","0.2","0.0038347683717626026","CDKL5","5.826568265682657","false","CDKL5","0.0"
"42.30953559107858","42.87128989211629","-354.0","6.540222367560497E-4","6.0","0.2","0.012185464722436415","PCTK1","6.178966789667896","false","PCTK1","904.0"
"154.88304962665458","50.13771532651775","-306.0","6.901311249137336E-4","11.0","0.2","0.023501280089224304","PTPN2","6.326568265682657","false","PTPN2","3282.0"
"1082.0","360.66666666666663","-539.0","4.3878894251864854E-4","2.0","0.14285714285714285","1.6507291454806862E-4","EPHA1","4.795202952029521","false","EPHA1","8322.0"
"2160.0","2109.767441860465","-537.0","5.747126436781609E-4","2.0","0.16666666666666666","0.005596703507758009","EPHA8","5.789667896678967","false","EPHA8","16640.0"
"0.0","0.0","-541.0","3.546099290780142E-4","1.0","0.125","4.864542726573983E-6","EPHA5","3.7970479704797047","true","EPHA5","0.0"
"993.1756649844739","46.92720789161792","-358.0","6.464124111182935E-4","16.0","0.2","0.017338016317712156","NEK4","6.145756457564576","false","NEK4","7186.0"
"617.5508755949453","18.58596269169283","-252.0","7.097232079489E-4","32.0","0.2","0.11229375077935398","STK4","6.400369003690037","false","STK4","5226.0"
"2175.3617358048173","44.141860437798115","-207.0","7.352941176470588E-4","32.0","0.2","0.03906717344800274","AURKA","6.490774907749078","false","AURKA","24762.0"
"3.262237762237761","0.359194180032262","-372.0","6.406149903907751E-4","15.0","0.2","0.01817994114421164","TTK","6.119926199261992","false","TTK","38.0"
"1227.7870936960937","48.97832855946114","-319.0","6.63129973474801E-4","16.0","0.2","0.01908039830068726","VRK1","6.217712177121771","false","VRK1","9492.0"
"0.0","0.0","-541.0","5.205622071837585E-4","1.0","0.16666666666666666","0.0036958269545521367","RIOK3","5.455719557195572","true","RIOK3","0.0"
"864.3767698743808","42.45129168805967","-258.0","6.978367062107466E-4","22.0","0.2","0.024453546914463012","AURKB","6.356088560885609","false","AURKB","9712.0"
"541.9655311141933","36.927736688947306","-349.0","6.501950585175553E-4","17.0","0.2","0.018701356767523738","MELK","6.162361623616236","false","MELK","4506.0"
"336.7279881426679","25.894484701630397","-319.0","6.63129973474801E-4","18.0","0.2","0.02340816180172423","PLK4","6.217712177121771","false","PLK4","4408.0"
"596.9635137856525","28.211346176125172","-272.0","6.925207756232687E-4","22.0","0.2","0.026075006081355136","CIT","6.3357933579335795","false","CIT","6910.0"
"106.58110018333734","4.790710571221439","-293.0","6.83526999316473E-4","28.0","0.2","0.10668179166816415","SRPK2","6.300738007380073","false","SRPK2","586.0"
"65.52185660980957","3.7584194507659183","-441.0","6.009615384615385E-4","15.0","0.16666666666666666","0.013207335852487135","DDR1","5.929889298892989","false","DDR1","462.0"
"4427.057617980373","30.96184961114517","-178.0","7.668711656441718E-4","46.0","0.2","0.07407765994608485","PTPN11","6.594095940959409","false","PTPN11","53842.0"
"372.7692853118177","23.32068789859811","-356.0","6.540222367560497E-4","19.0","0.16666666666666666","0.022366740918076257","EPHA2","6.178966789667896","false","EPHA2","4506.0"
"4144.836418664429","45.140537566769375","-244.0","7.2992700729927E-4","30.0","0.2","0.04920629741887034","EPHB2","6.472324723247232","false","EPHB2","43240.0"
"20.263141542681947","2.6808625935272086","-431.0","6.119951040391676E-4","13.0","0.16666666666666666","0.013074996060039364","EPHB4","5.985239852398524","false","EPHB4","500.0"
"315.9163838144565","25.185251757586162","-412.0","6.079027355623101E-4","14.0","0.2","0.011040587072493578","EPHB6","5.964944649446495","false","EPHB6","2364.0"
"2305.7384469995313","42.5436067135876","-243.0","7.08215297450425E-4","30.0","0.2","0.034782731449655595","LTK","6.394833948339484","false","LTK","21334.0"
"1082.0","53.23153268533137","-449.0","5.941770647653001E-4","13.0","0.16666666666666666","0.010595181571947866","ROR1","5.894833948339484","false","ROR1","10428.0"
"1835.144883956862","26.132156311362554","-278.0","7.037297677691766E-4","35.0","0.2","0.04911380182116849","PDGFRB","6.378228782287823","false","PDGFRB","23478.0"
"429.70524044552104","16.963473022682567","-360.0","6.506180871828237E-4","20.0","0.16666666666666666","0.02703366994652969","TEK","6.1642066420664205","false","TEK","6666.0"
"8.31233498744516","52.89667719283284","-528.0","5.984440454817474E-4","2.0","0.16666666666666666","0.004279974965872857","DDR2","5.916974169741698","false","DDR2","212.0"
"0.0","0.0","-541.0","4.885197850512946E-4","1.0","0.16666666666666666","5.913845944743488E-4","PRKY","5.223247232472325","true","PRKY","0.0"
"1905.609645434698","66.75908075733241","-335.0","6.640106241699867E-4","14.0","0.2","0.020067986677436738","TNK2","6.22140221402214","false","TNK2","19212.0"
"712.4827353282151","122.69368885180491","-347.0","6.501950585175553E-4","8.0","0.2","0.007145290675558474","PPP2R5A","6.162361623616236","false","PPP2R5A","6050.0"
"920.20071018212","88.72308269599331","-293.0","6.720430107526882E-4","13.0","0.2","0.012946336727018145","CSNK1A1","6.254612546125461","false","CSNK1A1","8790.0"
"13617.726933730946","49.844525944966676","-61.0","8.375209380234506E-4","63.0","0.2","0.09450770130939373","PRKCA","6.797047970479705","false","PRKCA","122152.0"
"4572.450325451317","58.62590264854042","-277.0","7.127583749109052E-4","25.0","0.2","0.033289097755109937","IRAK1","6.411439114391144","false","IRAK1","32678.0"
"85.62950113226715","32.25529135971455","-391.0","6.591957811470006E-4","8.0","0.2","0.017787265254911214","NTRK3","6.2011070110701105","false","NTRK3","1262.0"
"10.738647784541921","9.091115090576265","-492.0","5.787037037037037E-4","3.0","0.16666666666666666","0.0034334976808200767","RIPK2","5.8118081180811805","false","RIPK2","156.0"
"5002.048425033569","69.72409064235876","-307.0","6.854009595613434E-4","22.0","0.2","0.029498033802245718","MAP3K7","6.308118081180812","false","MAP3K7","40384.0"
"50.7418888839991","4.717155346906082","-382.0","6.349206349206349E-4","15.0","0.16666666666666666","0.027971225173277565","MAP3K9","6.094095940959409","false","MAP3K9","772.0"
"373.8809028554991","22.802867044382364","-283.0","6.949270326615705E-4","20.0","0.2","0.04371775575378972","MAP3K10","6.345018450184502","false","MAP3K10","4678.0"
"1546.7223901233144","43.697677790235964","-208.0","7.401924500370096E-4","27.0","0.2","0.0513562235164385","MAP3K11","6.507380073800738","false","MAP3K11","16866.0"
"1272.7301296659339","43.70564500705212","-377.0","6.333122229259025E-4","15.0","0.2","0.01818959615574735","TTN","6.086715867158672","false","TTN","8344.0"
"0.0","0.0","-411.0","6.150061500615006E-4","10.0","0.16666666666666666","0.013752605567374291","TNK1","6.0","false","TNK1","0.0"
"159.98549351389633","8.66279802631594","-371.0","6.397952655150352E-4","17.0","0.16666666666666666","0.02309483176044811","TAOK3","6.1162361623616235","false","TAOK3","1428.0"
"0.0","0.0","-411.0","6.150061500615006E-4","10.0","0.16666666666666666","0.013752605567374291","CRKRS","6.0","false","CRKRS","0.0"
"2199.642186609743","58.34132182737933","-188.0","7.6103500761035E-4","25.0","0.2","0.04571622164135327","PRKCZ","6.575645756457565","false","PRKCZ","23170.0"
"698.1560690670277","64.94504220575445","-297.0","7.027406886858749E-4","14.0","0.2","0.02352116713780084","MAP3K8","6.374538745387454","false","MAP3K8","6870.0"
"2380.0402815103835","51.18934680873312","-227.0","7.267441860465116E-4","24.0","0.2","0.027812532748613134","MAP3K3","6.461254612546125","false","MAP3K3","23812.0"
"112.87628967972016","42.34489765256725","-361.0","6.506180871828237E-4","8.0","0.2","0.013004206686370262","PPM1B","6.1642066420664205","false","PPM1B","1456.0"
"617.6048333825981","57.99040324906396","-375.0","6.662225183211193E-4","12.0","0.2","0.024628682074769787","DUSP1","6.230627306273063","false","DUSP1","6892.0"
"61.55580232665395","48.32865324258116","-417.0","6.480881399870382E-4","6.0","0.2","0.014049839782778548","DUSP2","6.1531365313653135","false","DUSP2","870.0"
"6.928907340179604","16.821624756505393","-504.0","5.889281507656066E-4","3.0","0.16666666666666666","0.004277879196520622","PTPRB","5.867158671586716","false","PTPRB","138.0"
"249.87745057608103","83.20090004305446","-450.0","5.868544600938967E-4","5.0","0.16666666666666666","0.003240302822601688","TRIM28","5.856088560885609","false","TRIM28","1526.0"
"9033.4016945342","34.05946600988534","-128.0","7.974481658692185E-4","55.0","0.2","0.06478214314392428","RPS6KA3","6.686346863468635","false","RPS6KA3","84080.0"
"115.87629609255696","86.5209677491092","-494.0","5.431830526887561E-4","3.0","0.16666666666666666","0.0016455892251109367","GAK","5.6033210332103325","false","GAK","930.0"
"1111.5258283928579","273.32602337529295","-529.0","5.376344086021505E-4","3.0","0.16666666666666666","0.004465992147183206","ULK1","5.568265682656826","false","ULK1","7954.0"
"14.851765908385067","9.708802683153435","-429.0","6.430868167202572E-4","6.0","0.2","0.01661960663284541","DUSP3","6.130996309963099","false","DUSP3","278.0"
"1624.8835192646557","82.81178297051994","-252.0","7.027406886858749E-4","16.0","0.2","0.01797214914891763","CSNK1D","6.374538745387454","false","CSNK1D","16158.0"
"0.5892464246424642","2.4238649144364137","-473.0","5.847953216374269E-4","3.0","0.16666666666666666","0.008300328839643552","PTPN22","5.845018450184502","false","PTPN22","8.0"
"476.03193375076063","38.84196623909996","-294.0","7.042253521126761E-4","14.0","0.2","0.02317427531399581","CAMK2A","6.380073800738008","false","CAMK2A","5922.0"
"416.7258063425218","55.802554253375334","-451.0","5.235602094240838E-4","6.0","0.16666666666666666","6.469395286453624E-4","PPP4C","5.476014760147602","false","PPP4C","1404.0"
"1333.861557088157","154.94351420721017","-494.0","5.327650506126798E-4","5.0","0.16666666666666666","9.283931247491131E-4","PPP6C","5.53690036900369","false","PPP6C","11254.0"
"932.7321481882367","61.576605452404756","-377.0","6.207324643078833E-4","11.0","0.16666666666666666","0.0037278962816773525","PPP2CB","6.027675276752768","false","PPP2CB","6648.0"
"129.42941824144168","106.86832698834635","-504.0","5.52791597567717E-4","3.0","0.16666666666666666","0.0010394085497352115","IGBP1","5.662361623616236","false","IGBP1","1528.0"
"28.509511886315558","5.714194372359576","-364.0","6.514657980456026E-4","12.0","0.2","0.02473007427665676","TYK2","6.167896678966789","false","TYK2","590.0"
"257.83690798785267","33.418515606751576","-409.0","6.199628022318661E-4","8.0","0.2","0.008588780177668775","ALK","6.023985239852398","false","ALK","2830.0"
"228.90692399015336","28.561969050706534","-349.0","6.574621959237344E-4","12.0","0.2","0.014188332456360402","ROCK1","6.193726937269373","false","ROCK1","2386.0"
"65.99277291637534","11.761494523630518","-368.0","6.618133686300463E-4","12.0","0.2","0.025760131909566743","FGR","6.212177121771218","false","FGR","1110.0"
"33.63352381813433","50.645074475182966","-426.0","6.146281499692685E-4","4.0","0.2","0.006579112216338639","TRIO","5.998154981549815","false","TRIO","704.0"
"341.8467123934599","124.21857543346826","-408.0","6.447453255963894E-4","7.0","0.2","0.010431608993868137","MERTK","6.138376383763838","false","MERTK","2796.0"
"215.99450866420113","15.161008648011867","-345.0","6.609385327164573E-4","17.0","0.16666666666666666","0.031189711332632913","CSF1R","6.208487084870849","false","CSF1R","3034.0"
"921.599795204872","20.408672937962343","-227.0","7.2992700729927E-4","26.0","0.2","0.04569508493892012","CSK","6.472324723247232","false","CSK","11166.0"
"6.485167656852406","22.52245359917959","-361.0","6.510416666666666E-4","4.0","0.2","0.010715065338366877","CDC2L2","6.166051660516605","false","CDC2L2","292.0"
"14628.723813159784","28.56470795227857","-65.0","8.396305625524769E-4","73.0","0.25","0.08749984685808769","CDK2","6.802583025830258","false","CDK2","143150.0"
"2.625167110047938","3.7528406196658506","-426.0","6.443298969072165E-4","6.0","0.2","0.022062714684093796","DUSP16","6.136531365313653","false","DUSP16","104.0"
"662.9000623120126","37.473532872483204","-298.0","6.779661016949153E-4","15.0","0.2","0.015132052224907539","CSNK1E","6.27859778597786","false","CSNK1E","5852.0"
"0.0","0.0","-471.0","5.938242280285036E-4","5.0","0.16666666666666666","0.007321762595257103","ERBB4","5.892988929889299","false","ERBB4","0.0"
"0.0","0.0","-541.0","5.54016620498615E-4","1.0","0.16666666666666666","0.002769394722417068","ENPP1","5.669741697416974","true","ENPP1","0.0"
"1193.5476669602683","38.66274921654041","-386.0","6.234413965087282E-4","12.0","0.16666666666666666","0.004965683500753228","ACVR1","6.040590405904059","false","ACVR1","14408.0"
"9.868634674420687","4.31752767005905","-496.0","5.015045135406219E-4","4.0","0.14285714285714285","5.29913901459963E-4","ACVR2A","5.321033210332104","false","ACVR2A","124.0"
"92.75872727712536","180.03803606530658","-473.0","5.387931034482759E-4","3.0","0.16666666666666666","0.0012233714532738924","NUAK2","5.575645756457565","false","NUAK2","560.0"
"0.0","0.0","-537.0","5.208333333333333E-4","2.0","0.16666666666666666","9.523872764884568E-4","DUSP13","5.4575645756457565","false","DUSP13","0.0"
"2215.124916150107","84.09741375841388","-356.0","6.365372374283895E-4","14.0","0.16666666666666666","0.010105216231495778","ACVR1B","6.101476014760148","false","ACVR1B","20570.0"
"120.3368620980975","124.92455647994342","-444.0","5.589714924538849E-4","4.0","0.16666666666666666","0.001876330423012302","ILKAP","5.699261992619927","false","ILKAP","646.0"
"1.0194962042788132","2.073461721056","-527.0","5.235602094240838E-4","3.0","0.16666666666666666","0.001371394061573757","UHMK1","5.476014760147602","false","UHMK1","16.0"
"0.0","0.0","-537.0","5.208333333333333E-4","3.0","0.16666666666666666","9.81305419442203E-4","NEK8","5.4575645756457565","false","NEK8","0.0"
"1.0194962042788132","2.073461721056","-527.0","5.235602094240838E-4","3.0","0.16666666666666666","0.001371394061573757","PFTK1","5.476014760147602","false","PFTK1","16.0"
"33.92446032293541","7.153072227755515","-473.0","5.662514156285391E-4","7.0","0.16666666666666666","0.004331724563306415","FGFR4","5.74169741697417","false","FGFR4","334.0"
"118.81144757082124","27.906450939281537","-419.0","6.169031462060457E-4","7.0","0.16666666666666666","0.009123065970714776","EPHA4","6.009225092250922","false","EPHA4","1574.0"
"106.28977697289189","12.064196845865089","-458.0","5.998800239952009E-4","11.0","0.16666666666666666","0.011593352034944306","FLT4","5.924354243542435","false","FLT4","1612.0"
"6.062880835427922","4.62081286094421","-378.0","6.426735218508997E-4","5.0","0.2","0.013371988553241072","PAK7","6.129151291512915","false","PAK7","254.0"
"167.1324354245887","19.669434436310087","-380.0","6.443298969072165E-4","11.0","0.16666666666666666","0.011910423732911202","PHKG1","6.136531365313653","false","PHKG1","1776.0"
"0.0","0.0","-541.0","4.4365572315882877E-4","1.0","0.14285714285714285","8.754265121266566E-5","TRIM33","4.841328413284133","true","TRIM33","0.0"
"1107.183193794904","188.82658692224945","-519.0","5.837711617046118E-4","4.0","0.16666666666666666","0.002970663718091602","TRIM24","5.839483394833948","false","TRIM24","7394.0"
"298.36244154376766","24.038795414264307","-358.0","6.662225183211193E-4","16.0","0.16666666666666666","0.02696697301756931","KDR","6.230627306273063","false","KDR","3672.0"
"1.490506569453938","1.1202805609168494","-453.0","5.85480093676815E-4","5.0","0.16666666666666666","0.0069589322635127","MAP3K6","5.8487084870848705","false","MAP3K6","20.0"
"3774.4275363305","63.8889523015874","-158.0","7.78816199376947E-4","31.0","0.2","0.05070333614366475","CAMK2G","6.630996309963099","false","CAMK2G","41344.0"
"212.43995327312606","40.280222703266155","-303.0","6.997900629811056E-4","11.0","0.2","0.0246420119304813","CAMK2D","6.363468634686347","false","CAMK2D","3144.0"
"0.0","0.0","-541.0","4.1649312786339027E-4","1.0","0.14285714285714285","1.316085662871745E-4","ULK2","4.570110701107011","true","ULK2","0.0"
"2746.102516700291","261.19169788600624","-292.0","7.052186177715092E-4","13.0","0.2","0.025833087320987668","PTPRA","6.3837638376383765","false","PTPRA","24428.0"
"104.89958662226918","19.762245566051195","-416.0","6.215040397762585E-4","10.0","0.2","0.013848965030030639","FES","6.031365313653136","false","FES","1076.0"
"376.68822511221555","47.7964449892093","-367.0","6.406149903907751E-4","10.0","0.2","0.008864902985886363","PRKCG","6.119926199261992","false","PRKCG","2968.0"
"705.7111496863372","71.19832657405044","-415.0","6.119951040391676E-4","10.0","0.2","0.004644588375962758","ROCK2","5.985239852398524","false","ROCK2","4600.0"
"186.84926588467954","74.86310707982757","-407.0","6.101281269066504E-4","6.0","0.16666666666666666","0.004794232884640408","STK10","5.976014760147602","false","STK10","1498.0"
"1242.9519463210418","87.66706066298107","-462.0","6.067961165048543E-4","9.0","0.16666666666666666","0.006615079644197029","PRKD2","5.959409594095941","false","PRKD2","9070.0"
"871.8761431654382","62.55453801053743","-416.0","6.230529595015577E-4","10.0","0.2","0.006843832186596851","PPFIA3","6.038745387453875","false","PPFIA3","10998.0"
"21.423857276935315","3.5362625491502584","-516.0","5.189413596263622E-4","7.0","0.16666666666666666","0.0014493143689427988","PPFIA2","5.444649446494465","false","PPFIA2","482.0"
"696.218473995746","57.711067612910526","-399.0","6.333122229259025E-4","12.0","0.16666666666666666","0.017205491275148747","PTPRF","6.086715867158672","false","PTPRF","8236.0"
"32.32435561395959","6.688039624480589","-502.0","5.518763796909492E-4","7.0","0.16666666666666666","0.002886664784063226","PTPRD","5.656826568265683","false","PTPRD","506.0"
"445.2366861025053","66.03282110833672","-478.0","5.913660555884093E-4","8.0","0.16666666666666666","0.004910292012460813","PTPRS","5.880073800738008","false","PTPRS","5602.0"
"50.83271379982028","14.23315986394968","-527.0","4.897159647404506E-4","5.0","0.16666666666666666","7.40713634262154E-4","PPFIBP1","5.232472324723247","false","PPFIBP1","788.0"
"16.242035082229634","31.766588696616388","-341.0","6.816632583503749E-4","6.0","0.2","0.019243758624746875","AAK1","6.293357933579336","false","AAK1","560.0"
"0.0","0.0","-541.0","4.752851711026616E-4","2.0","0.16666666666666666","5.30246154140717E-4","TAF1","5.118081180811808","true","TAF1","0.0"
"3872.0014199586644","69.79420580558264","-374.0","6.397952655150352E-4","22.0","0.2","0.017463074700820303","CDK7","6.1162361623616235","false","CDK7","43654.0"
"901.349596921976","23.79382953925624","-301.0","6.87757909215956E-4","20.0","0.2","0.023469944067136074","PDK1","6.317343173431734","false","PDK1","10474.0"
"252.27515059019524","28.290342147606726","-311.0","6.743088334457181E-4","12.0","0.16666666666666666","0.013434940526751002","AKT2","6.263837638376383","false","AKT2","2990.0"
"79.52157296179082","20.06973058693649","-376.0","6.459948320413437E-4","9.0","0.2","0.011482257380612133","AKT3","6.143911439114391","false","AKT3","892.0"
"514.8382450988759","40.22844104432838","-257.0","7.122507122507123E-4","18.0","0.2","0.03675818266647957","PKN1","6.409594095940959","false","PKN1","7386.0"
"0.0","0.0","-527.0","5.571030640668524E-4","2.0","0.16666666666666666","0.002566890546762654","SGK2","5.6881918819188195","false","SGK2","0.0"
"6.683826459522191","11.006301056099415","-459.0","6.006006006006006E-4","4.0","0.16666666666666666","0.005551235731741654","SGK3","5.928044280442805","false","SGK3","182.0"
"2545.666560279435","147.6655497857307","-356.0","6.561679790026247E-4","13.0","0.2","0.015128001937461676","PKN2","6.1881918819188195","false","PKN2","24496.0"
"301.8909170839109","48.48425587750748","-254.0","7.246376811594203E-4","14.0","0.2","0.03368874627899502","PRKCE","6.453874538745388","false","PRKCE","5616.0"
"898.0444460918538","39.23276294406707","-242.0","7.309941520467836E-4","20.0","0.2","0.033532749490115095","RPS6KA1","6.476014760147602","false","RPS6KA1","12362.0"
"0.0","0.0","-541.0","5.74052812858783E-4","2.0","0.2","0.0030572611891918123","TNNI3K","5.785977859778598","true","TNNI3K","0.0"
"159.0393084240823","26.889822631567732","-468.0","5.344735435595938E-4","6.0","0.16666666666666666","9.639941161725979E-4","STK16","5.547970479704797","false","STK16","874.0"
"123.55769186859905","81.95153032100957","-455.0","5.534034311012728E-4","4.0","0.16666666666666666","0.0011463451435891078","SNRK","5.666051660516605","false","SNRK","738.0"
"0.0","0.0","-541.0","5.330490405117271E-4","1.0","0.16666666666666666","9.480654801715129E-4","PPP1R15B","5.538745387453875","true","PPP1R15B","0.0"
"2782.4508549438306","82.10784154941267","-365.0","6.265664160401002E-4","12.0","0.16666666666666666","0.004575496928828145","BMPR2","6.055350553505535","false","BMPR2","18512.0"
"274.457756484938","23.469632882882905","-310.0","6.747638326585695E-4","15.0","0.2","0.01850382312025461","CHEK1","6.265682656826568","false","CHEK1","3110.0"
"1647.640280703657","50.76992458972494","-218.0","7.396449704142012E-4","26.0","0.2","0.03686164809245776","CDC25A","6.5055350553505535","false","CDC25A","19004.0"
"2269.1069828436807","34.02461145395383","-256.0","7.23589001447178E-4","29.0","0.2","0.03417633469860049","CDC25C","6.450184501845018","false","CDC25C","23834.0"
"4.0857297146307925","1.7754027549608218","-482.0","5.977286312014345E-4","5.0","0.2","0.004272696272361489","TLK1","5.913284132841328","false","TLK1","56.0"
"2741.1112194954376","35.96960515566662","-263.0","7.067137809187279E-4","27.0","0.2","0.023943461211501788","CHEK2","6.38929889298893","false","CHEK2","25480.0"
"1786.0504909685035","46.88163139181987","-251.0","7.057163020465773E-4","25.0","0.2","0.026168096725652904","WEE1","6.385608856088561","false","WEE1","20634.0"
"0.0","0.0","-524.0","6.060606060606061E-4","2.0","0.16666666666666666","0.008678119961224891","RPS6KA6","5.955719557195572","false","RPS6KA6","0.0"
"4235.405435219696","315.0279870142622","-362.0","6.531678641410843E-4","13.0","0.16666666666666666","0.024662470228039437","ACP1","6.175276752767528","false","ACP1","40082.0"
"10.23796595789679","5.995205290660283","-499.0","5.307855626326964E-4","4.0","0.16666666666666666","0.002575366258581293","EPHB1","5.523985239852398","false","EPHB1","112.0"
"5.112315872749243","2.764972789083989","-436.0","6.402048655569782E-4","6.0","0.16666666666666666","0.015328469654247699","DUSP7","6.118081180811808","false","DUSP7","104.0"
"151.4413969871465","17.115749351257815","-325.0","6.891798759476223E-4","15.0","0.2","0.04257038155281223","DUSP9","6.322878228782288","false","DUSP9","2178.0"
"111.681792048032","62.99706587111502","-438.0","6.393861892583121E-4","5.0","0.16666666666666666","0.009678692609448767","DYRK1B","6.114391143911439","false","DYRK1B","1210.0"
"10.384100602921611","8.660220934145002","-481.0","5.724098454493417E-4","4.0","0.16666666666666666","0.007639739229040429","MAP4K2","5.776752767527675","false","MAP4K2","164.0"
"52.38713856459342","29.515623912961537","-434.0","6.079027355623101E-4","5.0","0.16666666666666666","0.010051108193587864","MAP4K3","5.964944649446495","false","MAP4K3","610.0"
"25.452499748999447","23.10436338275411","-415.0","6.165228113440197E-4","5.0","0.16666666666666666","0.013400895068603593","HIPK3","6.007380073800738","false","HIPK3","312.0"
"427.09175024357876","101.51946781824869","-300.0","7.012622720897616E-4","14.0","0.2","0.04637966224536509","DUSP10","6.369003690036901","false","DUSP10","9466.0"
"3.6750153321802306","3.107835376050935","-443.0","5.787037037037037E-4","3.0","0.2","0.005091168345239515","MAP3K13","5.8118081180811805","false","MAP3K13","34.0"
"0.0","0.0","-541.0","5.405405405405405E-4","1.0","0.16666666666666666","0.004310140922128651","FCRL3","5.586715867158672","true","FCRL3","0.0"
"586.6921159795638","32.96857110808449","-336.0","6.76132521974307E-4","14.0","0.16666666666666666","0.023623760750543104","MET","6.271217712177122","false","MET","6226.0"
"167.17542812284535","23.377167950436203","-303.0","6.915629322268327E-4","13.0","0.2","0.02934649136629305","PRKD1","6.332103321033211","false","PRKD1","2700.0"
"2680.9191232731237","50.249154823655076","-221.0","7.331378299120235E-4","29.0","0.2","0.038124945746694845","FGFR1","6.483394833948339","false","FGFR1","27852.0"
"2803.6878311220225","49.313941230625744","-184.0","7.633587786259542E-4","27.0","0.2","0.04364977506922943","ADRBK1","6.583025830258302","false","ADRBK1","32292.0"
"23.379904777851316","6.561561120715744","-437.0","5.747126436781609E-4","7.0","0.16666666666666666","0.0032601425316746853","PPP1R3D","5.789667896678967","false","PPP1R3D","250.0"
"0.0","0.0","-540.0","5.14668039114771E-4","3.0","0.16666666666666666","0.0010424375355127984","IRAK2","5.415129151291513","false","IRAK2","0.0"
"1130.8422530899797","205.24885570917607","-517.0","5.167958656330749E-4","5.0","0.16666666666666666","9.568604184593178E-4","PTPRM","5.429889298892989","false","PTPRM","9336.0"
"328.6066589411391","91.55350774143427","-400.0","6.246096189881324E-4","7.0","0.2","0.014908195067542675","STK25","6.046125461254612","false","STK25","2602.0"
"25.195731914014072","43.52401459413697","-400.0","6.285355122564425E-4","4.0","0.2","0.008129080241065692","BRD2","6.064575645756458","false","BRD2","334.0"
"0.0","0.0","-541.0","5.54016620498615E-4","1.0","0.16666666666666666","0.002769394722417068","PTPRG","5.669741697416974","true","PTPRG","0.0"
"592.0779723204553","32.29724599507461","-294.0","6.920415224913495E-4","18.0","0.2","0.03626200120993174","EEF2K","6.333948339483395","false","EEF2K","6718.0"
"211.0209690926416","46.00401836982597","-485.0","6.035003017501509E-4","5.0","0.16666666666666666","0.004051573910199382","CAMKK1","5.942804428044281","false","CAMKK1","2228.0"
"72.29276472260054","18.663814510601778","-450.0","5.80046403712297E-4","6.0","0.16666666666666666","0.003090856392644768","CAMK4","5.819188191881919","false","CAMK4","604.0"
"18.84215641527094","5.620711066250313","-493.0","5.361930294906167E-4","5.0","0.16666666666666666","0.0014905499213173025","CAMK1","5.559040590405904","false","CAMK1","190.0"
"16.157080470606793","37.02664274514056","-522.0","5.630630630630631E-4","2.0","0.16666666666666666","0.0020284645640104887","CAMK1D","5.723247232472325","false","CAMK1D","78.0"
"116.52781648325497","32.14560454710482","-482.0","6.153846153846154E-4","6.0","0.2","0.005327025762532614","CDC42BPA","6.001845018450185","false","CDC42BPA","1206.0"
"219.58074002174445","35.61809680813375","-381.0","6.43915003219575E-4","8.0","0.2","0.008741464315892171","LIMK2","6.134686346863469","false","LIMK2","1976.0"
"1831.9635705498285","56.695635802978586","-356.0","6.544502617801048E-4","14.0","0.16666666666666666","0.010053698071522838","LIMK1","6.180811808118081","false","LIMK1","14052.0"
"48.804025761463016","59.15639486237941","-485.0","5.627462014631402E-4","3.0","0.16666666666666666","0.0024783061268513666","SYNJ1","5.72140221402214","false","SYNJ1","250.0"
"123.6561305379187","33.67668728396513","-447.0","5.889281507656066E-4","5.0","0.16666666666666666","0.0035850148674994617","PPP3CA","5.867158671586716","false","PPP3CA","802.0"
"459.41359283487293","78.69839949993658","-335.0","6.844626967830253E-4","11.0","0.2","0.026569198747888514","PTPRE","6.304428044280443","false","PTPRE","6102.0"
"0.0","0.0","-541.0","4.5372050816696913E-4","1.0","0.14285714285714285","1.13640608416407E-4","LRRK1","4.9335793357933575","true","LRRK1","0.0"
"1171.1125699998793","175.43086061412632","-491.0","6.013229104028864E-4","5.0","0.16666666666666666","0.0038562692316043584","PAK4","5.931734317343174","false","PAK4","6878.0"
"7.888674661071532","4.605748261759886","-446.0","6.293266205160479E-4","6.0","0.16666666666666666","0.01203536853491441","FER","6.068265682656826","false","FER","230.0"
"21.875357859605113","26.854185604425638","-471.0","5.592841163310962E-4","4.0","0.16666666666666666","0.0026430535224400316","BRSK1","5.7011070110701105","false","BRSK1","262.0"
"1037.8456656940998","66.3910676893049","-322.0","6.662225183211193E-4","15.0","0.2","0.01628262527974366","GRK6","6.230627306273063","false","GRK6","12020.0"
"634.6495636557745","59.155777198755935","-328.0","6.87757909215956E-4","13.0","0.2","0.018530167197649813","PPP1R12A","6.317343173431734","false","PPP1R12A","6914.0"
"0.0","0.0","-541.0","5.74052812858783E-4","2.0","0.2","0.0030572611891918127","TSSK6","5.785977859778598","true","TSSK6","0.0"
"200.69646034606566","77.70745955379167","-462.0","5.668934240362812E-4","4.0","0.16666666666666666","0.0036735250833052685","PPP5C","5.745387453874539","false","PPP5C","1938.0"
"0.0","0.0","-467.0","5.817335660267597E-4","3.0","0.2","0.005680752106063434","ACPP","5.828413284132841","false","ACPP","0.0"
"1414.6584993069637","37.18211215367007","-393.0","6.389776357827476E-4","15.0","0.2","0.009195550408883913","NUAK1","6.112546125461255","false","NUAK1","10706.0"
"80.89920576156254","45.10180814224729","-391.0","6.293266205160479E-4","6.0","0.2","0.007959958609350583","PRKAA1","6.068265682656826","false","PRKAA1","956.0"
"0.0","0.0","-487.0","5.580357142857143E-4","4.0","0.16666666666666666","0.0018207922660086913","SNF1LK2","5.693726937269373","false","SNF1LK2","0.0"
"775.7755171073602","121.26901919673546","-347.0","6.385696040868455E-4","9.0","0.2","0.005524953457694421","PPP2R2A","6.11070110701107","false","PPP2R2A","5604.0"
"6997.737701053354","69.14928515857643","-179.0","7.662835249042146E-4","27.0","0.2","0.03369585486720772","PPP2CA","6.592250922509225","false","PPP2CA","58208.0"
"21.875357859605113","26.854185604425638","-471.0","5.592841163310962E-4","4.0","0.16666666666666666","0.0026430535224400316","BRSK2","5.7011070110701105","false","BRSK2","262.0"
"542.9974616358321","104.65922926488223","-360.0","6.472491909385113E-4","7.0","0.2","0.008961274776746426","MARK1","6.149446494464945","false","MARK1","4402.0"
"102.35375673186168","56.041009010006704","-362.0","6.540222367560497E-4","7.0","0.2","0.011688026240344967","MARK2","6.178966789667896","false","MARK2","1554.0"
"34.1144390530311","44.1928569597276","-441.0","6.006006006006006E-4","4.0","0.2","0.0044774651415174045","MARK3","5.928044280442805","false","MARK3","440.0"
"40.005829072426394","30.84561587359979","-488.0","5.549389567147614E-4","4.0","0.16666666666666666","0.001497177257934336","MARK4","5.675276752767528","false","MARK4","238.0"
"168.00622622656812","45.291044963373665","-385.0","6.618133686300463E-4","9.0","0.2","0.023900804163878703","DAPK1","6.212177121771218","false","DAPK1","2248.0"
"2372.270671334564","42.04846233947625","-205.0","7.320644216691069E-4","32.0","0.2","0.03504204471357114","CDK4","6.479704797047971","false","CDK4","26552.0"
"1400.1802016827198","51.30056328144616","-340.0","6.63129973474801E-4","15.0","0.2","0.015443803171992404","STK11","6.217712177121771","false","STK11","12504.0"
"17.57894156953519","5.1130225879734175","-414.0","6.222775357809583E-4","8.0","0.2","0.016687910620283672","NTRK2","6.035055350553505","false","NTRK2","296.0"
"21.259977016801127","32.88228023896468","-379.0","6.451612903225806E-4","5.0","0.2","0.013475711230171024","PAK6","6.1402214022140225","false","PAK6","374.0"
"0.0","0.0","-540.0","5.14668039114771E-4","3.0","0.16666666666666666","0.0010424375355127984","IRAK3","5.415129151291513","false","IRAK3","0.0"
"2555.7960846239753","75.31178697409477","-304.0","6.724949562878278E-4","18.0","0.2","0.013408366293497339","PPP1R14A","6.256457564575646","false","PPP1R14A","22738.0"
"0.0","0.0","-541.0","5.402485143165856E-4","1.0","0.16666666666666666","0.0012863176034114256","ADRBK2","5.584870848708487","true","ADRBK2","0.0"
"254.80976746364036","41.06011454152642","-435.0","5.970149253731343E-4","7.0","0.16666666666666666","0.004055875379530632","GRK5","5.909594095940959","false","GRK5","2976.0"
"591.0903015653678","30.242922174202302","-292.0","7.052186177715092E-4","19.0","0.2","0.028671517742154","CAMK2B","6.3837638376383765","false","CAMK2B","9378.0"
"1068.9609949262422","67.69358594756774","-265.0","7.032348804500703E-4","15.0","0.2","0.017291165432252655","PPP1R1A","6.376383763837638","false","PPP1R1A","13194.0"
"3.983660021062001","2.134236839257694","-446.0","5.88235294117647E-4","5.0","0.16666666666666666","0.004202230693886307","PPP1R3A","5.863468634686347","false","PPP1R3A","72.0"
"0.0","0.0","-463.0","5.571030640668524E-4","5.0","0.16666666666666666","0.0018945597829792265","PPP1R3C","5.6881918819188195","false","PPP1R3C","0.0"
"2331.6345907126884","48.94346950055043","-230.0","7.178750897343862E-4","26.0","0.2","0.022789794396490468","PPP1CC","6.429889298892989","false","PPP1CC","27242.0"
"38.11073383464979","31.667945020196104","-512.0","5.458515283842794E-4","3.0","0.16666666666666666","0.0034580492879653746","PTPRO","5.619926199261992","false","PTPRO","278.0"
"45.64208423875979","33.42800535796492","-497.0","5.583472920156337E-4","3.0","0.16666666666666666","0.001840738296804857","PIM1","5.695571955719557","false","PIM1","570.0"
"2286.552373937209","48.71308098068011","-306.0","6.743088334457181E-4","17.0","0.2","0.0142185350437162","BMPR1B","6.263837638376383","false","BMPR1B","29750.0"
"92.61809423054628","138.18246056636968","-494.0","5.327650506126798E-4","3.0","0.16666666666666666","0.0013751122522013353","PPP3CC","5.53690036900369","false","PPP3CC","406.0"
"0.0","0.0","-531.0","5.224660397074191E-4","2.0","0.16666666666666666","0.001225060063520885","AMHR2","5.468634686346864","false","AMHR2","0.0"
"76.10227805564635","27.459963331222127","-458.0","5.47645125958379E-4","5.0","0.16666666666666666","0.0015386363533715969","BMPR1A","5.630996309963099","false","BMPR1A","368.0"
"1187.4303059930348","95.49274267294837","-360.0","6.729475100942127E-4","12.0","0.16666666666666666","0.022101000949854923","MAP2K3","6.25830258302583","false","MAP2K3","13778.0"
"382.8333316072004","115.0063791941114","-290.0","7.062146892655367E-4","11.0","0.2","0.031438962039738096","MKNK2","6.387453874538745","false","MKNK2","10712.0"
"0.0","0.0","-531.0","5.224660397074191E-4","3.0","0.16666666666666666","0.0012622576016636236","STK35","5.468634686346864","false","STK35","0.0"
"13.614115393261436","29.934651316508575","-390.0","6.325110689437065E-4","4.0","0.2","0.007362494243373501","BRD3","6.083025830258302","false","BRD3","290.0"
"1863.5165273488221","153.12085161580836","-453.0","6.333122229259025E-4","8.0","0.16666666666666666","0.007604291133182894","NEK2","6.086715867158672","false","NEK2","11724.0"
"0.0","0.0","-541.0","4.716981132075472E-4","2.0","0.14285714285714285","2.3089554373532947E-4","NEK11","5.088560885608856","true","NEK11","0.0"
"6.679914529914528","17.813105413105408","-533.0","5.047955577990914E-4","2.0","0.16666666666666666","7.350262193310451E-4","NEK3","5.345018450184502","false","NEK3","70.0"
"1179.2317147580695","292.9687178026906","-454.0","5.698005698005698E-4","5.0","0.16666666666666666","0.0018681709984962045","STK24","5.7619926199261995","false","STK24","8762.0"
"121.46292000531287","11.363841318353698","-361.0","6.523157208088715E-4","14.0","0.2","0.029036334074841543","MAP2K6","6.171586715867159","false","MAP2K6","1754.0"
"427.4237033748662","13.778327787642006","-237.0","7.336757153338225E-4","34.0","0.25","0.12285748332354396","RPS6KA2","6.485239852398524","false","RPS6KA2","6838.0"
"1695.41468723852","102.18063738391689","-329.0","6.523157208088715E-4","14.0","0.2","0.011578689127578114","CSNK1G2","6.171586715867159","false","CSNK1G2","16414.0"
"0.0","0.0","-497.0","5.64652738565782E-4","3.0","0.16666666666666666","0.006187990644526078","SIRPA","5.732472324723247","false","SIRPA","0.0"
"1311.7689669027325","163.30874742070645","-474.0","6.184291898577613E-4","7.0","0.2","0.008910890884348674","PTP4A2","6.016605166051661","false","PTP4A2","11522.0"
"0.0","0.0","-480.0","5.861664712778429E-4","3.0","0.16666666666666666","0.007304249370267858","ROS1","5.85239852398524","false","ROS1","0.0"
"1094.477384088425","137.90567390299563","-453.0","6.067961165048543E-4","6.0","0.2","0.007998399503287582","PSTPIP1","5.959409594095941","false","PSTPIP1","8066.0"
"11.68751289612591","9.031955731171244","-396.0","6.333122229259025E-4","7.0","0.2","0.015708677003462887","ABL2","6.086715867158672","false","ABL2","306.0"
"1744.325441436303","31.713138047774958","-228.0","7.272727272727272E-4","31.0","0.2","0.06193821754968735","MAP2K4","6.46309963099631","false","MAP2K4","19518.0"
"4.606118051182319","8.641335426994395","-467.0","6.049606775559589E-4","4.0","0.16666666666666666","0.009799212767314623","DUSP22","5.950184501845018","false","DUSP22","90.0"
"310.48678299183115","15.47140760995858","-399.0","6.309148264984228E-4","14.0","0.2","0.02358566138940211","MAP2K7","6.075645756457565","false","MAP2K7","3918.0"
"0.0","0.0","-529.0","5.52791597567717E-4","3.0","0.16666666666666666","0.0015787246868382524","CLK1","5.662361623616236","false","CLK1","0.0"
"1190.863798516767","86.4917889978553","-483.0","5.757052389176742E-4","7.0","0.16666666666666666","0.0030208473748745885","CLK2","5.795202952029521","false","CLK2","8182.0"
"543.2723258142883","71.36393313017355","-340.0","6.743088334457181E-4","11.0","0.2","0.017300809285000326","PRKCI","6.263837638376383","false","PRKCI","4688.0"
"7.1330731891991315","3.1758559075586237","-478.0","5.980861244019139E-4","5.0","0.2","0.004775063591630018","PRKAA2","5.915129151291513","false","PRKAA2","90.0"
"259.50237713551564","38.986262277899804","-348.0","6.578947368421052E-4","9.0","0.2","0.011047969098507764","PFKFB2","6.195571955719557","false","PFKFB2","2740.0"
"412.74703081230047","85.6269473271859","-377.0","6.653359946773121E-4","9.0","0.16666666666666666","0.01971096537656096","DUSP6","6.226937269372693","false","DUSP6","6052.0"
"3.337406418307516","12.687898538565642","-533.0","5.652911249293386E-4","2.0","0.16666666666666666","0.002606745702095544","NUDT14","5.736162361623617","false","NUDT14","46.0"
"1191.8918172914737","101.97608139709239","-260.0","7.215007215007215E-4","13.0","0.2","0.025421831708250894","MYLK","6.442804428044281","false","MYLK","10804.0"
"329.0666663279025","46.71160645937415","-421.0","6.090133982947625E-4","8.0","0.16666666666666666","0.005574045083439539","PPM1F","5.970479704797048","false","PPM1F","2886.0"
"0.0","0.0","-496.0","5.636978579481398E-4","3.0","0.16666666666666666","0.0025956860032123794","TSSK2","5.726937269372693","false","TSSK2","0.0"
"77.31729313676676","20.758732778838443","-502.0","5.85480093676815E-4","5.0","0.16666666666666666","0.003203438280325452","TESK1","5.8487084870848705","false","TESK1","512.0"
"28.472628625254423","36.924158159551844","-464.0","5.773672055427252E-4","3.0","0.16666666666666666","0.004282445473359772","TESK2","5.804428044280443","false","TESK2","186.0"
"10.824460044474847","5.635506461827951","-425.0","6.195786864931846E-4","7.0","0.2","0.009076512737480946","CDK3","6.022140221402214","false","CDK3","120.0"
"1083.4577012984896","239.3927922430083","-500.0","5.599104143337066E-4","4.0","0.16666666666666666","0.004390780573907903","TRIB1","5.704797047970479","false","TRIB1","9884.0"
"0.0","0.0","-541.0","4.297378599054577E-4","1.0","0.14285714285714285","1.2939215233015273E-4","TRIB2","4.706642066420664","true","TRIB2","0.0"
"7.508252648330478","7.827326795273945","-426.0","6.443298969072165E-4","6.0","0.2","0.016171499482710933","KSR1","6.136531365313653","false","KSR1","134.0"
"32.39202632033638","38.061116933899704","-373.0","6.6711140760507E-4","7.0","0.16666666666666666","0.019954178948851504","PTPN7","6.234317343173432","false","PTPN7","1036.0"
"29.85279604581602","27.61101460355319","-430.0","6.242197253433209E-4","5.0","0.16666666666666666","0.008007243018242332","TRIB3","6.044280442804428","false","TRIB3","464.0"
"33.34931525802298","35.5907431041781","-335.0","6.765899864682003E-4","6.0","0.2","0.01698420943479024","PRKCH","6.273062730627307","false","PRKCH","940.0"
"0.0","0.0","-541.0","4.1356492969396195E-4","1.0","0.14285714285714285","2.7358867654114203E-5","PPEF1","4.538745387453875","true","PPEF1","0.0"
"111.21176599824165","46.643673211020186","-456.0","5.787037037037037E-4","5.0","0.2","0.006849600715597844","PTPN3","5.8118081180811805","false","PTPN3","1022.0"
"0.0","0.0","-541.0","4.5682960255824577E-4","1.0","0.16666666666666666","2.357052714218633E-4","TAF1L","4.961254612546125","true","TAF1L","0.0"
"146.03637544630834","20.1990948711332","-424.0","5.984440454817474E-4","7.0","0.16666666666666666","0.003935289084295615","NPR1","5.916974169741698","false","NPR1","1132.0"
"1.6238095238095238","6.128571428571428","-505.0","5.420054200542005E-4","2.0","0.16666666666666666","0.0013099965225891654","PRKG2","5.595940959409594","false","PRKG2","18.0"
"8.212554120608889","12.725901957825132","-469.0","5.952380952380953E-4","4.0","0.16666666666666666","0.005840071461097612","PTPRJ","5.900369003690037","false","PTPRJ","160.0"
"1847.5912366886223","67.0351235004266","-298.0","6.816632583503749E-4","13.0","0.2","0.017134460838144006","ILK","6.293357933579336","false","ILK","16004.0"
"21.753980493064546","6.930471661507289","-457.0","5.685048322910744E-4","6.0","0.16666666666666666","0.0027435832877018853","PFKFB1","5.754612546125461","false","PFKFB1","224.0"
"5217.793459586109","43.52044002420091","-193.0","7.485029940119761E-4","36.0","0.2","0.0331333784005188","PRKACA","6.535055350553505","false","PRKACA","52636.0"
"77.50010787117634","11.784918385262817","-431.0","5.94883997620464E-4","8.0","0.16666666666666666","0.003986936256613467","PRKACG","5.898523985239852","false","PRKACG","1088.0"
"0.0","0.0","-541.0","5.197505197505198E-4","2.0","0.16666666666666666","8.305281580455854E-4","EIF2AK1","5.450184501845018","true","EIF2AK1","0.0"
"1091.6334285451858","129.726751252808","-442.0","6.309148264984228E-4","7.0","0.16666666666666666","0.013464375532359303","INPPL1","6.075645756457565","false","INPPL1","10394.0"
"0.0","0.0","-541.0","5.938242280285036E-4","2.0","0.16666666666666666","0.004008905932621152","FHIT","5.892988929889299","true","FHIT","0.0"
"1403.5392176088412","82.2491570909733","-217.0","7.446016381236039E-4","18.0","0.2","0.034606098624465786","PAK2","6.522140221402214","false","PAK2","15482.0"
"0.0","0.0","-541.0","5.938242280285036E-4","1.0","0.16666666666666666","0.0038907672649333555","MUSK","5.892988929889299","true","MUSK","0.0"
"0.0","0.0","-541.0","5.1440329218107E-4","1.0","0.16666666666666666","9.809982382765474E-4","IRAK4","5.413284132841328","true","IRAK4","0.0"
"0.8390361993451307","14.186498091133297","-467.0","6.031363088057901E-4","2.0","0.2","0.0053804025951040306","BRD4","5.940959409594096","false","BRD4","40.0"
"501.2416155323292","67.47564252484764","-392.0","6.393861892583121E-4","10.0","0.2","0.009586041404017314","PPP2R5C","6.114391143911439","false","PPP2R5C","4884.0"
"1511.8991336646436","55.52176680850919","-284.0","6.887052341597796E-4","15.0","0.2","0.01884636258726318","GSK3A","6.321033210332104","false","GSK3A","16172.0"
"81.78587932628292","38.26341933706036","-373.0","6.402048655569782E-4","6.0","0.2","0.00926044005533022","LATS1","6.118081180811808","false","LATS1","1098.0"
"641.4291508422145","117.18148189257877","-287.0","6.934812760055479E-4","12.0","0.2","0.021716347511392866","PRPF4B","6.339483394833948","false","PRPF4B","7496.0"
"0.0","0.0","-541.0","4.7036688617121356E-4","1.0","0.14285714285714285","3.967824172918838E-4","OCRL","5.077490774907749","true","OCRL","0.0"
"0.0","0.0","-541.0","4.9800796812749E-4","1.0","0.16666666666666666","5.049363614385616E-4","ACP6","5.295202952029521","true","ACP6","0.0"
"7.849514021475749","40.65802965811267","-518.0","5.665722379603399E-4","2.0","0.16666666666666666","0.0019262941896940908","PPP1R14B","5.743542435424354","false","PPP1R14B","114.0"
"0.0","0.0","-541.0","5.096839959225281E-4","1.0","0.16666666666666666","6.824195228737044E-4","BCKDK","5.380073800738008","true","BCKDK","0.0"
"1082.0","281.67768595041326","-505.0","5.14668039114771E-4","4.0","0.16666666666666666","7.593832467700627E-4","CSNK1G1","5.415129151291513","false","CSNK1G1","9852.0"
"0.0","0.0","-505.0","5.1440329218107E-4","3.0","0.16666666666666666","7.587232060434745E-4","CSNK1G3","5.413284132841328","false","CSNK1G3","0.0"
"21.782421109804805","16.240770101605662","-377.0","6.377551020408163E-4","6.0","0.2","0.009223803854570852","RPS6KB2","6.107011070110701","false","RPS6KB2","258.0"
"0.0","0.0","-529.0","5.980861244019139E-4","3.0","0.16666666666666666","0.005396384567804328","MAPK15","5.915129151291513","false","MAPK15","0.0"
"0.0","0.0","-541.0","5.370569280343716E-4","1.0","0.16666666666666666","0.0031597556093441964","ACP5","5.564575645756458","true","ACP5","0.0"
"117.39596246059111","4.906118609366855","-277.0","6.944444444444445E-4","30.0","0.2","0.11246512499008864","BLK","6.343173431734317","false","BLK","1646.0"
"168.13908223628061","44.27021849101122","-397.0","6.565988181221273E-4","9.0","0.2","0.02046878667039817","MAP3K2","6.1900369003690034","false","MAP3K2","2634.0"
"0.0","0.0","-450.0","6.101281269066504E-4","3.0","0.2","0.006523365997047503","CDKL2","5.976014760147602","false","CDKL2","0.0"
"21.271522519348466","3.6258655472209718","-418.0","6.222775357809583E-4","10.0","0.2","0.010849243491680035","CDK8","6.035055350553505","false","CDK8","156.0"
"102.68511110130818","252.23700043233256","-419.0","5.688282138794084E-4","3.0","0.16666666666666666","0.0019034831366048304","TSSK1B","5.756457564575646","false","TSSK1B","550.0"
"4123.030941431849","77.59835800338763","-390.0","6.207324643078833E-4","13.0","0.2","0.004356909050770763","IKBKE","6.027675276752768","false","IKBKE","25218.0"
"0.0","0.0","-541.0","4.6468401486988845E-4","1.0","0.16666666666666666","1.283939905665113E-4","NUDT5","5.029520295202952","true","NUDT5","0.0"
"0.0","0.0","-541.0","4.6468401486988845E-4","1.0","0.16666666666666666","1.283939905665113E-4","SLK","5.029520295202952","true","SLK","0.0"
"0.0","0.0","-541.0","4.6468401486988845E-4","1.0","0.16666666666666666","1.283939905665113E-4","RIPK5","5.029520295202952","true","RIPK5","0.0"
"244.9255433098783","49.374716085533535","-421.0","6.042296072507553E-4","7.0","0.2","0.007193327481900217","SET","5.946494464944649","false","SET","2052.0"
"0.0","0.0","-541.0","5.417118093174431E-4","1.0","0.16666666666666666","9.929849858090233E-4","PPP2R5B","5.594095940959409","true","PPP2R5B","0.0"
"6.597175112729747","5.61376578324365","-453.0","6.333122229259025E-4","4.0","0.16666666666666666","0.010406136802766891","MAPK6","6.086715867158672","false","MAPK6","222.0"
"34.57905356368822","53.52854183158268","-418.0","6.476683937823834E-4","5.0","0.16666666666666666","0.010880338526839202","PLK3","6.1512915129151295","false","PLK3","642.0"
"3431.8278068029203","501.4971520886369","-398.0","5.938242280285036E-4","7.0","0.16666666666666666","0.003912083646552034","NEK6","5.892988929889299","false","NEK6","33956.0"
"0.0","0.0","-539.0","4.49842555105713E-4","2.0","0.14285714285714285","1.1889553238604262E-4","NEK7","4.898523985239852","false","NEK7","0.0"
"0.0","0.0","-541.0","4.914004914004914E-4","1.0","0.14285714285714285","4.3621829044229797E-4","ALPL","5.245387453874539","true","ALPL","0.0"
"1904.2988822737616","55.71919310036938","-340.0","6.693440428380187E-4","16.0","0.16666666666666666","0.014802588574075121","MAP3K14","6.243542435424354","false","MAP3K14","16024.0"
"35.30217394113192","49.871835169606","-479.0","6.230529595015577E-4","4.0","0.16666666666666666","0.009865081252421725","PTPRR","6.038745387453875","false","PTPRR","800.0"
"781.5339749070557","35.20554056086398","-304.0","6.821282401091405E-4","16.0","0.2","0.01553357268388436","PPP1CB","6.295202952029521","false","PPP1CB","9518.0"
"486.3381563566624","73.74699215521142","-270.0","7.012622720897616E-4","13.0","0.2","0.026224936539019986","PTPN12","6.369003690036901","false","PTPN12","5906.0"
"153.91087652388282","148.90298119529672","-391.0","6.591957811470006E-4","5.0","0.2","0.015396420451055503","PTPN5","6.2011070110701105","false","PTPN5","2404.0"
"0.0","0.0","-485.0","5.491488193300384E-4","3.0","0.16666666666666666","0.0017763201010991378","PRKX","5.6402214022140225","false","PRKX","0.0"
"29.614705883774967","5.129489574417645","-461.0","6.006006006006006E-4","10.0","0.16666666666666666","0.010667852172387877","FLT3","5.928044280442805","false","FLT3","456.0"
"70.30616569073406","86.41060525864185","-518.0","5.611672278338945E-4","3.0","0.16666666666666666","0.0031880192513893575","DYRK1A","5.712177121771218","false","DYRK1A","474.0"
"0.0","0.0","-541.0","4.880429477794046E-4","1.0","0.16666666666666666","5.622812987088498E-4","VRK2","5.219557195571956","true","VRK2","0.0"
"27.279353274586207","53.27301107562918","-428.0","6.024096385542169E-4","4.0","0.2","0.005003498699427453","PPP2R4","5.937269372693727","false","PPP2R4","436.0"
"98.10614129377927","39.685202999960254","-478.0","5.977286312014345E-4","4.0","0.2","0.005834797756000436","STK3","5.913284132841328","false","STK3","912.0"
"12.905663462624442","4.163117246007885","-537.0","4.8590864917395527E-4","3.0","0.16666666666666666","3.499022829047501E-4","PSPH","5.202952029520295","false","PSPH","192.0"
"3.6574672112651108","14.629868845060443","-497.0","5.268703898840885E-4","2.0","0.16666666666666666","9.902485743188286E-4","PIK3R4","5.498154981549815","false","PIK3R4","52.0"
"96.13057888133618","20.42246071811769","-369.0","6.49772579597141E-4","7.0","0.2","0.010769427705487122","TLK2","6.160516605166052","false","TLK2","934.0"
"0.0","0.0","-541.0","4.5682960255824577E-4","2.0","0.14285714285714285","2.008592759730487E-4","CASK","4.961254612546125","true","CASK","0.0"
"0.0","0.0","-541.0","4.833252779120348E-4","1.0","0.14285714285714285","2.962729770834448E-4","SSH3","5.182656826568266","true","SSH3","0.0"
"19.912023178887445","10.095055683478078","-361.0","6.648936170212766E-4","7.0","0.2","0.01895042478141591","MST1R","6.2250922509225095","false","MST1R","464.0"
"26.545605048462406","79.9331775621962","-427.0","6.086427267194157E-4","3.0","0.2","0.004042324941478633","PPP1R11","5.968634686346864","false","PPP1R11","528.0"
"0.0","0.0","-541.0","5.330490405117271E-4","1.0","0.16666666666666666","9.480654801715129E-4","PHACTR3","5.538745387453875","true","PHACTR3","0.0"
"93.39065905200974","16.846287469269175","-337.0","6.55307994757536E-4","12.0","0.2","0.014647846614514697","PKMYT1","6.18450184501845","false","PKMYT1","1832.0"
"0.0","0.0","-541.0","3.8402457757296467E-4","1.0","0.14285714285714285","1.3148956647509854E-5","DYRK3","4.195571955719557","true","DYRK3","0.0"
"1082.0","502.3571428571429","-539.0","4.847309743092584E-4","2.0","0.16666666666666666","4.4619540192615916E-4","DYRK2","5.193726937269373","false","DYRK2","9844.0"
"152.1044422861106","42.10434978978466","-461.0","5.892751915144372E-4","6.0","0.16666666666666666","0.00446652997563979","DMPK","5.869003690036901","false","DMPK","976.0"
"101.27389352059475","65.56877111515459","-459.0","6.309148264984228E-4","5.0","0.16666666666666666","0.009662635955846566","PPP1R12B","6.075645756457565","false","PPP1R12B","1498.0"
"0.0","0.0","-541.0","4.752851711026616E-4","2.0","0.16666666666666666","5.30246154140717E-4","RNGTT","5.118081180811808","true","RNGTT","0.0"
"134.21181215360323","86.72147862232825","-526.0","5.813953488372093E-4","3.0","0.16666666666666666","0.0028988880936483947","PASK","5.826568265682657","false","PASK","998.0"
"0.0","0.0","-541.0","4.84027105517909E-4","1.0","0.16666666666666666","3.4090204143859585E-4","PPP2R3B","5.1881918819188195","true","PPP2R3B","0.0"
"0.0","0.0","-511.0","4.911591355599214E-4","3.0","0.16666666666666666","4.627954983722535E-4","PPP2R3A","5.243542435424354","false","PPP2R3A","0.0"
"3.9799246892201046","4.383564261861099","-470.0","5.633802816901409E-4","4.0","0.16666666666666666","0.001837752554679355","PPP2R2D","5.7250922509225095","false","PPP2R2D","50.0"
"98.72922164437678","51.490251416455784","-422.0","5.920663114268798E-4","6.0","0.16666666666666666","0.003563152728438487","PPP2R2B","5.8837638376383765","false","PPP2R2B","964.0"
"3.9799246892201046","4.383564261861099","-470.0","5.633802816901409E-4","4.0","0.16666666666666666","0.001837752554679355","PPP2R2C","5.7250922509225095","false","PPP2R2C","50.0"
"0.0","0.0","-502.0","5.753739930955121E-4","2.0","0.16666666666666666","0.0038149176490263666","PAK3","5.793357933579336","false","PAK3","0.0"
"0.0","0.0","-541.0","5.173305742369374E-4","1.0","0.16666666666666666","0.002508574232105757","WNK4","5.4335793357933575","true","WNK4","0.0"
"0.0","0.0","-541.0","5.173305742369374E-4","1.0","0.16666666666666666","0.002508574232105757","AATK","5.4335793357933575","true","AATK","0.0"
"11.2547594312315","41.10433879232374","-530.0","5.770340450086555E-4","2.0","0.16666666666666666","0.005844942196762739","PTPRZ1","5.802583025830258","false","PTPRZ1","176.0"
"928.6132331622","317.70392614090906","-394.0","6.309148264984228E-4","5.0","0.2","0.010707282811029315","PTP4A3","6.075645756457565","false","PTP4A3","7486.0"
"6.625648913243629","44.7231301643945","-478.0","5.608524957936063E-4","2.0","0.16666666666666666","0.0016985761508059932","PPP2R5E","5.710332103321033","false","PPP2R5E","84.0"
"0.0","0.0","-541.0","4.0257648953301127E-4","2.0","0.14285714285714285","2.3057797840136517E-5","SCYL1","4.416974169741698","true","SCYL1","0.0"
"364.40107343261406","30.44387941364943","-263.0","7.199424046076314E-4","19.0","0.2","0.043882382619714874","MAPKAPK2","6.437269372693727","false","MAPKAPK2","6854.0"
"40.726723069421574","46.360524551449586","-452.0","5.807200929152149E-4","4.0","0.16666666666666666","0.003414538640452117","AURKC","5.822878228782288","false","AURKC","388.0"
"0.0","0.0","-541.0","4.3554006968641115E-4","2.0","0.14285714285714285","5.672486112558964E-5","STK38L","4.763837638376383","true","STK38L","0.0"
"364.87122336247904","84.56466953743336","-422.0","5.675368898978433E-4","6.0","0.16666666666666666","0.0023812325914536582","ACVRL1","5.749077490774908","false","ACVRL1","2666.0"
"25.646373070839083","14.623972033724385","-337.0","6.747638326585695E-4","7.0","0.2","0.015743849916973175","HSPB8","6.265682656826568","false","HSPB8","956.0"
"0.0","0.0","-541.0","5.257623554153522E-4","1.0","0.16666666666666666","0.001463600136999241","WNK2","5.490774907749078","true","WNK2","0.0"
"1.6390604890604885","10.035064218737684","-488.0","5.518763796909492E-4","2.0","0.16666666666666666","0.0022832091822522086","MYLK2","5.656826568265683","false","MYLK2","20.0"
"0.0","0.0","-541.0","5.43773790103317E-4","2.0","0.16666666666666666","9.627919705920844E-4","EIF2AK3","5.607011070110701","true","EIF2AK3","0.0"
"28.433750088787356","65.51079727612546","-433.0","6.165228113440197E-4","3.0","0.2","0.005518918009508736","PBK","6.007380073800738","false","PBK","504.0"
"6.370283019354224","3.819259899308299","-486.0","5.649717514124294E-4","4.0","0.2","0.0025125583211222345","DAPK3","5.734317343173432","false","DAPK3","70.0"
"118.8850845172332","29.373641894008063","-385.0","6.361323155216285E-4","8.0","0.16666666666666666","0.008441588401694145","RIPK1","6.099630996309963","false","RIPK1","1394.0"
"0.0","0.0","-541.0","5.060728744939271E-4","1.0","0.16666666666666666","0.0011344708615088786","PTPRCAP","5.354243542435424","true","PTPRCAP","0.0"
"0.0","0.0","-540.0","5.002501250625312E-4","3.0","0.16666666666666666","9.23721570512268E-4","NLK","5.3118081180811805","false","NLK","0.0"
"0.0","0.0","-540.0","5.002501250625312E-4","3.0","0.16666666666666666","9.23721570512268E-4","HIPK2","5.3118081180811805","false","HIPK2","0.0"
"0.0","0.0","-541.0","5.302226935312832E-4","1.0","0.16666666666666666","0.0019224525708744031","PPM1G","5.520295202952029","true","PPM1G","0.0"
"150.64361349551837","140.4523733895971","-521.0","6.071645415907711E-4","3.0","0.16666666666666666","0.00871869070106948","DUSP5","5.961254612546125","false","DUSP5","2082.0"
"0.2878207360965982","0.21809097013505122","-474.0","5.927682276229994E-4","4.0","0.16666666666666666","0.006708233093844844","PTK6","5.887453874538745","false","PTK6","6.0"
"1082.0","205.90719499478624","-530.0","5.875440658049354E-4","4.0","0.16666666666666666","0.003986959094952839","PDK2","5.8597785977859775","false","PDK2","7452.0"
"84.92567367901279","32.793104129957754","-461.0","5.549389567147614E-4","5.0","0.16666666666666666","0.0023995464461161356","PPP2R5D","5.675276752767528","false","PPP2R5D","520.0"
"1865.2650965359942","110.90584815609255","-337.0","6.600660066006601E-4","14.0","0.2","0.015144583021656756","PPFIA1","6.204797047970479","false","PPFIA1","25194.0"
"0.0","0.0","-541.0","4.716981132075472E-4","1.0","0.16666666666666666","5.360302016900089E-4","OBSCN","5.088560885608856","true","OBSCN","0.0"
"25.756580798673273","83.2135687341752","-532.0","5.970149253731343E-4","2.0","0.16666666666666666","0.004006736513700697","GUCY2C","5.909594095940959","false","GUCY2C","304.0"
"10.763442389314687","7.7563800114459776","-442.0","6.086427267194157E-4","4.0","0.2","0.0070667288528920074","ERN1","5.968634686346864","false","ERN1","208.0"
"0.0","0.0","-541.0","4.038772213247173E-4","2.0","0.14285714285714285","2.9053964758777455E-5","PTPRK","4.431734317343174","true","PTPRK","0.0"
"150.44859256035815","23.182963424478288","-448.0","5.871990604815032E-4","8.0","0.2","0.0073981943418424765","FGFR2","5.857933579335794","false","FGFR2","1074.0"
"9.989561295063048","5.212325902276392","-504.0","5.711022272986865E-4","4.0","0.16666666666666666","0.0020434735843356164","NPR2","5.769372693726937","false","NPR2","118.0"
"0.0","0.0","-541.0","4.389815627743635E-4","1.0","0.14285714285714285","8.902151613284241E-5","CLK3","4.797047970479705","true","CLK3","0.0"
"0.0","0.0","-541.0","3.619254433586681E-4","1.0","0.125","3.610125929842748E-6","CDC2L6","3.9022140221402215","true","CDC2L6","0.0"
"1082.0","142.9056603773585","-538.0","4.5004500450045E-4","4.0","0.14285714285714285","1.2250565831588647E-4","NEK9","4.900369003690037","false","NEK9","10928.0"
"0.0","0.0","-486.0","5.656108597285068E-4","3.0","0.16666666666666666","0.00706553233679218","DUSP19","5.7380073800738005","false","DUSP19","0.0"
"0.7538461538461538","0.3772198939234925","-510.0","5.512679162072767E-4","5.0","0.16666666666666666","0.004466198862536379","TIE1","5.6531365313653135","false","TIE1","6.0"
"238.37095176342584","10.1246609843302","-310.0","6.6711140760507E-4","23.0","0.2","0.02534256561179039","BUB1","6.234317343173432","false","BUB1","3764.0"
"415.41397280076484","15.25924321464637","-289.0","6.83526999316473E-4","25.0","0.2","0.027884284296683028","BUB1B","6.300738007380073","false","BUB1B","5794.0"
"1506.5288576258656","162.29200968983756","-520.0","4.970178926441351E-4","5.0","0.16666666666666666","8.923415782048577E-4","CDK9","5.287822878228782","false","CDK9","16632.0"
"0.0","0.0","-541.0","3.916960438699569E-4","1.0","0.14285714285714285","2.629646266172851E-5","CTDSPL","4.289667896678967","true","CTDSPL","0.0"
"1.2070933102809098","13.1329430825274","-499.0","5.984440454817474E-4","2.0","0.2","0.0050347845027513775","PPM1A","5.916974169741698","false","PPM1A","38.0"
"2.675384584294341","2.269404764245987","-401.0","6.28140703517588E-4","4.0","0.2","0.008046485616294062","MAPK4","6.062730627306273","false","MAPK4","160.0"
"55.11027618555623","74.20520541877607","-477.0","5.543237250554324E-4","3.0","0.16666666666666666","0.0016848127804474518","PTPN13","5.671586715867159","false","PTPN13","420.0"
"95.67715473511258","19.281862461698665","-389.0","6.600660066006601E-4","11.0","0.16666666666666666","0.02675696222392592","DUSP4","6.204797047970479","false","DUSP4","1708.0"
"133.31416201792354","33.05702933997187","-392.0","6.257822277847309E-4","8.0","0.2","0.006962860265718517","ATR","6.051660516605166","false","ATR","1468.0"
"0.0","0.0","-541.0","5.0E-4","1.0","0.16666666666666666","8.692791677774861E-4","PPM1L","5.3099630996309966","true","PPM1L","0.0"
"112.14315886539802","28.999495605631537","-497.0","5.88235294117647E-4","5.0","0.16666666666666666","0.009666335269320698","EPHB3","5.863468634686347","false","EPHB3","1434.0"
"4.696452159522625","10.063826056119911","-538.0","5.241090146750524E-4","2.0","0.16666666666666666","0.0017349208252708606","RYK","5.479704797047971","false","RYK","84.0"
"926.787642950207","182.87878822008966","-467.0","6.211180124223603E-4","6.0","0.16666666666666666","0.010634012501555165","PTPN21","6.029520295202952","false","PTPN21","6308.0"
"0.0","0.0","-541.0","5.017561465127947E-4","1.0","0.16666666666666666","5.553844874990119E-4","PRKD3","5.322878228782288","true","PRKD3","0.0"
"31.851613800973983","47.777420701460976","-516.0","4.8496605237633366E-4","2.0","0.16666666666666666","3.3243899096094324E-4","PPP4R1","5.195571955719557","false","PPP4R1","202.0"
"34.008082652416604","35.61573746871266","-467.0","5.586592178770949E-4","3.0","0.16666666666666666","0.0020056381625110573","LATS2","5.697416974169742","false","LATS2","288.0"
"0.0","0.0","-541.0","5.624296962879641E-4","2.0","0.16666666666666666","0.0027238667436499087","EPHA3","5.719557195571956","true","EPHA3","0.0"
"282.23232646351323","38.145987680804666","-426.0","5.945303210463733E-4","7.0","0.2","0.005091856215896413","PPP3R1","5.8966789667896675","false","PPP3R1","2594.0"
"0.0","0.0","-541.0","4.679457182966776E-4","1.0","0.14285714285714285","1.3483556867296907E-4","MOS","5.057195571955719","true","MOS","0.0"
"0.0","0.0","-541.0","5.197505197505198E-4","1.0","0.16666666666666666","8.060532784355829E-4","PCTK2","5.450184501845018","true","PCTK2","0.0"
"0.0","0.0","-541.0","4.4583147570218456E-4","1.0","0.14285714285714285","1.1749191513095329E-4","PDK3","4.861623616236162","true","PDK3","0.0"
"4.778937473263424","3.4665867681703593","-533.0","4.950495049504951E-4","3.0","0.16666666666666666","6.46722135100141E-4","GRK4","5.273062730627307","false","GRK4","64.0"
"0.0","0.0","-541.0","4.633920296570899E-4","2.0","0.16666666666666666","2.705689405985019E-4","PTP4A1","5.018450184501845","true","PTP4A1","0.0"
"0.0","0.0","-541.0","3.832886163280951E-4","1.0","0.125","2.145477380829448E-5","G6PC","4.186346863468635","true","G6PC","0.0"
"54.982053731476775","31.27504059778372","-442.0","6.309148264984228E-4","6.0","0.16666666666666666","0.013265742624003088","PTPN18","6.075645756457565","false","PTPN18","588.0"
"0.0","0.0","-541.0","4.496402877697842E-4","1.0","0.14285714285714285","3.1222998390533185E-4","ROR2","4.8966789667896675","true","ROR2","0.0"
"0.0","0.0","-541.0","5.330490405117271E-4","1.0","0.16666666666666666","9.480654801715129E-4","PPP1R10","5.538745387453875","true","PPP1R10","0.0"
"2.112205004648706","1.8083449041894417","-428.0","6.184291898577613E-4","4.0","0.2","0.00816014244981578","DUT","6.016605166051661","false","DUT","136.0"
"3.3570697726996688","32.362971406330345","-464.0","5.903187721369539E-4","2.0","0.16666666666666666","0.0032817745892739602","RIPK4","5.874538745387454","false","RIPK4","64.0"
"0.0","0.0","-541.0","5.509641873278236E-4","1.0","0.16666666666666666","0.0018604167610184312","PPM2C","5.6512915129151295","true","PPM2C","0.0"
"0.0","0.0","-541.0","5.232862375719519E-4","1.0","0.16666666666666666","0.001450063063743262","KALRN","5.474169741697417","true","KALRN","0.0"
"0.0","0.0","-541.0","5.998800239952009E-4","1.0","0.16666666666666666","0.005425689951173859","CALCOCO1","5.924354243542435","true","CALCOCO1","0.0"
"165.96439354937425","233.70496234503725","-537.0","5.208333333333333E-4","2.0","0.16666666666666666","8.163645679040916E-4","STYXL1","5.4575645756457565","false","STYXL1","952.0"
"31.811888425602554","15.517994353952467","-507.0","5.333333333333334E-4","4.0","0.16666666666666666","0.0010163035453157085","NEK1","5.540590405904059","false","NEK1","258.0"
"0.0","0.0","-541.0","5.773672055427252E-4","1.0","0.2","0.002578537761783448","CCRK","5.804428044280443","true","CCRK","0.0"
"1091.6848181841094","171.77119026752166","-418.0","6.203473945409429E-4","5.0","0.16666666666666666","0.005544754519172052","FBP1","6.025830258302583","false","FBP1","6190.0"
"0.0","0.0","-541.0","4.6446818392940084E-4","1.0","0.14285714285714285","1.633986734935987E-4","FBP2","5.027675276752768","true","FBP2","0.0"
"59.502499084047734","719.5508394390514","-451.0","5.889281507656066E-4","2.0","0.16666666666666666","0.0022274111066911224","MYO3A","5.867158671586716","false","MYO3A","872.0"
"31.38260273687549","35.807174614021264","-385.0","6.180469715698393E-4","4.0","0.16666666666666666","0.004615717478931178","TRRAP","6.014760147601476","false","TRRAP","428.0"
"0.0","0.0","-541.0","5.54016620498615E-4","1.0","0.16666666666666666","0.002769394722417068","INSRR","5.669741697416974","true","INSRR","0.0"
"0.0","0.0","-541.0","4.734848484848485E-4","1.0","0.14285714285714285","2.9779116855094793E-4","ACVR2B","5.1033210332103325","true","ACVR2B","0.0"
"0.0","0.0","-541.0","5.780346820809249E-4","2.0","0.2","0.003000597066091484","CLK4","5.808118081180812","true","CLK4","0.0"
"0.0","0.0","-541.0","5.219206680584551E-4","1.0","0.16666666666666666","8.015732689129943E-4","MAST1","5.464944649446495","true","MAST1","0.0"
"0.0","0.0","-541.0","4.679457182966776E-4","1.0","0.14285714285714285","1.3483556867296907E-4","PMPCA","5.057195571955719","true","PMPCA","0.0"
"44.15480015539312","11.608794923583813","-442.0","5.899705014749262E-4","7.0","0.16666666666666666","0.004187710712138515","RIPK3","5.872693726937269","false","RIPK3","440.0"
"21.08100324114966","94.00987931864037","-496.0","5.271481286241434E-4","2.0","0.16666666666666666","0.0013243934461958176","ALS2CR2","5.5","false","ALS2CR2","114.0"
"5.720727385116937","12.645818430258492","-512.0","5.213764337851929E-4","2.0","0.16666666666666666","9.153758984044185E-4","TAOK1","5.461254612546125","false","TAOK1","68.0"
"0.0","0.0","-541.0","5.197505197505198E-4","1.0","0.16666666666666666","8.060532784355829E-4","TSSK3","5.450184501845018","true","TSSK3","0.0"
"0.0","0.0","-541.0","5.197505197505198E-4","1.0","0.16666666666666666","8.060532784355829E-4","EIF2AK4","5.450184501845018","true","EIF2AK4","0.0"
"0.0","0.0","-541.0","5.197505197505198E-4","1.0","0.16666666666666666","8.060532784355829E-4","CDKL1","5.450184501845018","true","CDKL1","0.0"
"0.0","0.0","-541.0","5.197505197505198E-4","1.0","0.16666666666666666","8.060532784355829E-4","TSSK4","5.450184501845018","true","TSSK4","0.0"
